2026-01-29 09:33:11,388 - Knowledge - INFO - Created shared MongoDB connection pool
2026-01-29 09:33:11,389 - Knowledge - INFO - Starting Knowledge Graph processing with 20 threads
2026-01-29 09:33:11,391 - Knowledge - INFO - Initial configuration: chunk_size=65536, max_cache_size=500
2026-01-29 09:33:11,392 - Knowledge - INFO - Knowledge Graph concurrency configuration: workers=20, max_batch_size=10, max_concurrent_llm_calls=50
2026-01-29 09:33:12,607 - Knowledge - INFO - 🔍 _load_persisted_knowledge called - checking for Redis optimization
2026-01-29 09:33:12,611 - Knowledge - WARNING - ❌ load_from_redis method not found - Redis support not attached
2026-01-29 09:33:12,611 - Knowledge - INFO - load persisted knowledge: begin
2026-01-29 09:33:12,615 - Knowledge - INFO - Loaded 0 files from persisted knowledge
2026-01-29 09:33:12,615 - Knowledge - INFO - load persisted knowledge: end
2026-01-29 09:33:12,616 - Knowledge - WARNING - No persisted knowledge found. Files will be queued during start()
2026-01-29 09:33:12,625 - Knowledge - INFO - Redis support added with prefix knowledge:b0193s4:
2026-01-29 09:33:13,108 - Knowledge - INFO - Starting knowledge initialization for ID: RGl24a-b0193s4
2026-01-29 09:33:13,109 - Knowledge - INFO - 🔍 Checking Redis for build_id: b0193s4
2026-01-29 09:33:13,109 - Knowledge - INFO - 🔍 Full session ID: RGl24a-b0193s4
2026-01-29 09:33:13,109 - Knowledge - INFO - 🔍 Redis prefix will be: knowledge:b0193s4:
2026-01-29 09:33:13,110 - Knowledge - INFO - 🔍 Using attached load_from_redis() method
2026-01-29 09:33:13,110 - Knowledge - INFO - 🔍 Attempting to load knowledge from Redis...
2026-01-29 09:33:13,110 - Knowledge - INFO - 🔍 Using derived instance_id for Redis lookup: b0193s4
2026-01-29 09:33:13,117 - Knowledge - WARNING - ❌ No Redis cache found
2026-01-29 09:33:13,122 - Knowledge - INFO - 📁 Loading knowledge from disk...
2026-01-29 09:33:13,170 - Knowledge - INFO - load persisted docinfo: begin
2026-01-29 09:33:13,172 - Knowledge - INFO - load persisted docinfo: end
2026-01-29 09:33:13,172 - Knowledge - INFO - 🔍 _load_persisted_knowledge called - checking for Redis optimization
2026-01-29 09:33:13,172 - Knowledge - INFO - ✅ load_from_redis method found - attempting Redis load
2026-01-29 09:33:13,173 - Knowledge - INFO - 🔍 Attempting to load knowledge from Redis...
2026-01-29 09:33:13,173 - Knowledge - INFO - 🔍 Using derived instance_id for Redis lookup: b0193s4
2026-01-29 09:33:13,178 - Knowledge - WARNING - ❌ No Redis cache found
2026-01-29 09:33:13,179 - Knowledge - INFO - ❌ Redis load returned False - falling back to file loading
2026-01-29 09:33:13,179 - Knowledge - INFO - load persisted knowledge: begin
2026-01-29 09:33:13,181 - Knowledge - INFO - Loaded 0 files from persisted knowledge
2026-01-29 09:33:13,182 - Knowledge - INFO - load persisted knowledge: end
2026-01-29 09:33:13,182 - Knowledge - INFO - 📁 Disk load complete in 0.06s
2026-01-29 09:33:13,182 - Knowledge - INFO - Populating ingest queue with source files...
2026-01-29 09:33:13,390 - Knowledge - INFO - Added 327 files from /app/data/T0002/206936/b0193s4/Unvanquished-206936 to ingest queue
2026-01-29 09:33:13,391 - Knowledge - INFO - [WEBSOCKET] Sent: Type=progress_update, Size: 160, Duration: 0ms
2026-01-29 09:33:13,392 - Knowledge - INFO - Worker kw1 created using shared MongoDB connection pool
2026-01-29 09:33:13,392 - Knowledge - INFO - knowledge worker kw1 start
2026-01-29 09:33:13,393 - Knowledge - INFO - Worker kw2 created using shared MongoDB connection pool
2026-01-29 09:33:13,393 - Knowledge - INFO - [kw1] Queue=327, InProgress=0, PendingWorkers=0/1, Completed=0/327 (0.0%)
2026-01-29 09:33:13,394 - Knowledge - INFO - knowledge worker kw2 start
2026-01-29 09:33:13,394 - Knowledge - INFO - Batch sizing: calculated=6, max_allowed=10, queue=327, active_workers=0/1
2026-01-29 09:33:13,394 - Knowledge - INFO - Worker kw3 created using shared MongoDB connection pool
2026-01-29 09:33:13,395 - Knowledge - INFO - Worker kw1 processing /app/data/T0002/206936/b0193s4/Unvanquished-206936/src/sgame/sg_missile.cpp
2026-01-29 09:33:13,396 - Knowledge - INFO - [kw2] Queue=321, InProgress=0, PendingWorkers=1/2, Completed=0/327 (0.0%)
2026-01-29 09:33:13,396 - Knowledge - INFO - knowledge worker kw3 start
2026-01-29 09:33:13,397 - Knowledge - INFO - Worker kw4 created using shared MongoDB connection pool
2026-01-29 09:33:13,397 - Knowledge - INFO - Worker kw1 processing /app/data/T0002/206936/b0193s4/Unvanquished-206936/src/sgame/sg_combat.cpp
2026-01-29 09:33:13,399 - Knowledge - INFO - Batch sizing: calculated=6, max_allowed=10, queue=321, active_workers=1/3
2026-01-29 09:33:13,400 - Knowledge - INFO - knowledge worker kw4 start
2026-01-29 09:33:13,401 - Knowledge - INFO - [kw3] Queue=321, InProgress=0, PendingWorkers=1/3, Completed=0/327 (0.0%)
2026-01-29 09:33:13,401 - Knowledge - INFO - Worker kw1 processing /app/data/T0002/206936/b0193s4/Unvanquished-206936/src/sgame/sg_spawn_fx.cpp
2026-01-29 09:33:13,401 - Knowledge - INFO - Worker kw5 created using shared MongoDB connection pool
2026-01-29 09:33:13,402 - Knowledge - INFO - Worker kw2 processing /app/data/T0002/206936/b0193s4/Unvanquished-206936/src/sgame/sg_bot_ai.cpp
2026-01-29 09:33:13,402 - Knowledge - INFO - Batch sizing: calculated=6, max_allowed=10, queue=321, active_workers=2/4
2026-01-29 09:33:13,403 - Knowledge - INFO - [kw4] Queue=315, InProgress=0, PendingWorkers=2/4, Completed=0/327 (0.0%)
2026-01-29 09:33:13,404 - Knowledge - INFO - Worker kw1 processing /app/data/T0002/206936/b0193s4/Unvanquished-206936/src/sgame/sg_votes.h
2026-01-29 09:33:13,404 - Knowledge - INFO - knowledge worker kw5 start
2026-01-29 09:33:13,405 - Knowledge - INFO - Worker kw6 created using shared MongoDB connection pool
2026-01-29 09:33:13,405 - Knowledge - INFO - Worker kw2 processing /app/data/T0002/206936/b0193s4/Unvanquished-206936/src/sgame/sg_maprotation.cpp
2026-01-29 09:33:13,406 - Knowledge - INFO - Worker kw3 processing /app/data/T0002/206936/b0193s4/Unvanquished-206936/src/sgame/botlib/bot_local.cpp
2026-01-29 09:33:13,406 - Knowledge - INFO - Batch sizing: calculated=6, max_allowed=10, queue=315, active_workers=3/5
2026-01-29 09:33:13,407 - Knowledge - INFO - Worker kw1 processing /app/data/T0002/206936/b0193s4/Unvanquished-206936/src/sgame/sg_spawn.h
2026-01-29 09:33:13,408 - Knowledge - INFO - [kw5] Queue=309, InProgress=0, PendingWorkers=3/5, Completed=0/327 (0.0%)
2026-01-29 09:33:13,408 - Knowledge - INFO - knowledge worker kw6 start
2026-01-29 09:33:13,409 - Knowledge - INFO - Worker kw2 processing /app/data/T0002/206936/b0193s4/Unvanquished-206936/src/sgame/sg_api.cpp
2026-01-29 09:33:13,409 - Knowledge - INFO - Worker kw7 created using shared MongoDB connection pool
2026-01-29 09:33:13,410 - Knowledge - INFO - Worker kw3 processing /app/data/T0002/206936/b0193s4/Unvanquished-206936/src/sgame/botlib/bot_api.h
2026-01-29 09:33:13,414 - Knowledge - INFO - Worker kw4 processing /app/data/T0002/206936/b0193s4/Unvanquished-206936/src/sgame/botlib/bot_load.cpp
2026-01-29 09:33:13,415 - Knowledge - INFO - Batch sizing: calculated=6, max_allowed=10, queue=309, active_workers=4/6
2026-01-29 09:33:13,415 - Knowledge - INFO - Worker kw1 processing /app/data/T0002/206936/b0193s4/Unvanquished-206936/src/sgame/sg_admin.h
2026-01-29 09:33:13,416 - Knowledge - INFO - Worker kw2 processing /app/data/T0002/206936/b0193s4/Unvanquished-206936/src/sgame/sg_entities.h
2026-01-29 09:33:13,417 - Knowledge - INFO - knowledge worker kw7 start
2026-01-29 09:33:13,417 - Knowledge - INFO - Worker kw8 created using shared MongoDB connection pool
2026-01-29 09:33:13,417 - Knowledge - INFO - Fast-tracked /app/data/T0002/206936/b0193s4/Unvanquished-206936/src/sgame/botlib/bot_api.h (ext=.h, size=1885)
2026-01-29 09:33:13,418 - Knowledge - INFO - Worker kw4 processing /app/data/T0002/206936/b0193s4/Unvanquished-206936/src/sgame/botlib/bot_navdraw.h
2026-01-29 09:33:13,419 - Knowledge - INFO - Worker kw5 processing /app/data/T0002/206936/b0193s4/Unvanquished-206936/src/sgame/sg_spawn_sensor.cpp
2026-01-29 09:33:13,420 - Knowledge - INFO - Worker kw2 processing /app/data/T0002/206936/b0193s4/Unvanquished-206936/src/sgame/sg_struct.h
2026-01-29 09:33:13,421 - Knowledge - INFO - knowledge worker kw8 start
2026-01-29 09:33:13,421 - Knowledge - INFO - Worker kw3 processing /app/data/T0002/206936/b0193s4/Unvanquished-206936/src/sgame/botlib/bot_debug.cpp
2026-01-29 09:33:13,421 - Knowledge - INFO - Worker kw9 created using shared MongoDB connection pool
2026-01-29 09:33:13,422 - Knowledge - INFO - Worker kw4 processing /app/data/T0002/206936/b0193s4/Unvanquished-206936/src/sgame/botlib/bot_convert.h
2026-01-29 09:33:13,422 - Knowledge - INFO - Worker kw5 processing /app/data/T0002/206936/b0193s4/Unvanquished-206936/src/sgame/sg_bot_util.cpp
2026-01-29 09:33:13,423 - Knowledge - INFO - Worker kw2 processing /app/data/T0002/206936/b0193s4/Unvanquished-206936/src/sgame/sg_weapon.cpp
2026-01-29 09:33:13,424 - Knowledge - INFO - knowledge worker kw9 start
2026-01-29 09:33:13,424 - Knowledge - INFO - Worker kw3 processing /app/data/T0002/206936/b0193s4/Unvanquished-206936/src/sgame/botlib/bot_nav.cpp
2026-01-29 09:33:13,425 - Knowledge - INFO - Worker kw10 created using shared MongoDB connection pool
2026-01-29 09:33:13,425 - Knowledge - INFO - Worker kw4 processing /app/data/T0002/206936/b0193s4/Unvanquished-206936/src/sgame/botlib/bot_types.h
2026-01-29 09:33:13,426 - Knowledge - INFO - Worker kw5 processing /app/data/T0002/206936/b0193s4/Unvanquished-206936/src/sgame/BaseClustering.cpp
2026-01-29 09:33:13,427 - Knowledge - INFO - knowledge worker kw10 start
2026-01-29 09:33:13,427 - Knowledge - INFO - Worker kw3 processing /app/data/T0002/206936/b0193s4/Unvanquished-206936/src/sgame/botlib/bot_convert.cpp
2026-01-29 09:33:13,427 - Knowledge - INFO - Worker kw11 created using shared MongoDB connection pool
2026-01-29 09:33:13,428 - Knowledge - INFO - Worker kw4 processing /app/data/T0002/206936/b0193s4/Unvanquished-206936/src/sgame/botlib/bot_nav_edit.cpp
2026-01-29 09:33:13,429 - Knowledge - INFO - Worker kw5 processing /app/data/T0002/206936/b0193s4/Unvanquished-206936/src/sgame/sg_momentum.cpp
2026-01-29 09:33:13,429 - Knowledge - INFO - Worker kw4 processing /app/data/T0002/206936/b0193s4/Unvanquished-206936/src/sgame/sg_spawn_game.cpp
2026-01-29 09:33:13,431 - Knowledge - INFO - Worker kw3 processing /app/data/T0002/206936/b0193s4/Unvanquished-206936/src/sgame/botlib/bot_local.h
2026-01-29 09:33:13,432 - Knowledge - INFO - knowledge worker kw11 start
2026-01-29 09:33:13,432 - Knowledge - INFO - Worker kw12 created using shared MongoDB connection pool
2026-01-29 09:33:13,433 - Knowledge - INFO - [kw10] Queue=297, InProgress=0, PendingWorkers=5/11, Completed=0/327 (0.0%)
2026-01-29 09:33:13,434 - Knowledge - INFO - [kw7] Queue=297, InProgress=0, PendingWorkers=5/11, Completed=0/327 (0.0%)
2026-01-29 09:33:13,434 - Knowledge - INFO - [kw9] Queue=297, InProgress=0, PendingWorkers=5/11, Completed=0/327 (0.0%)
2026-01-29 09:33:13,434 - Knowledge - INFO - [kw6] Queue=297, InProgress=0, PendingWorkers=5/11, Completed=0/327 (0.0%)
2026-01-29 09:33:13,435 - Knowledge - INFO - Worker kw5 processing /app/data/T0002/206936/b0193s4/Unvanquished-206936/src/sgame/CombatFeedback.cpp
2026-01-29 09:33:13,436 - Knowledge - INFO - [kw8] Queue=297, InProgress=0, PendingWorkers=5/11, Completed=0/327 (0.0%)
2026-01-29 09:33:13,439 - Knowledge - INFO - [kw11] Queue=297, InProgress=0, PendingWorkers=5/11, Completed=0/327 (0.0%)
2026-01-29 09:33:13,439 - Knowledge - INFO - knowledge worker kw12 start
2026-01-29 09:33:13,440 - Knowledge - INFO - Batch sizing: calculated=6, max_allowed=10, queue=297, active_workers=5/11
2026-01-29 09:33:13,441 - Knowledge - INFO - Worker kw13 created using shared MongoDB connection pool
2026-01-29 09:33:13,442 - Knowledge - INFO - Batch sizing: calculated=6, max_allowed=10, queue=297, active_workers=5/12
2026-01-29 09:33:13,443 - Knowledge - INFO - Batch sizing: calculated=6, max_allowed=10, queue=297, active_workers=5/12
2026-01-29 09:33:13,444 - Knowledge - INFO - Batch sizing: calculated=6, max_allowed=10, queue=297, active_workers=5/12
2026-01-29 09:33:13,445 - Knowledge - INFO - Worker kw5 processing /app/data/T0002/206936/b0193s4/Unvanquished-206936/src/sgame/lua/Interpreter.h
2026-01-29 09:33:13,445 - Knowledge - INFO - Batch sizing: calculated=6, max_allowed=10, queue=297, active_workers=5/12
2026-01-29 09:33:13,446 - Knowledge - INFO - Batch sizing: calculated=6, max_allowed=10, queue=297, active_workers=5/12
2026-01-29 09:33:13,449 - Knowledge - INFO - Worker kw10 processing /app/data/T0002/206936/b0193s4/Unvanquished-206936/src/sgame/lua/Interpreter.cpp
2026-01-29 09:33:13,450 - Knowledge - INFO - knowledge worker kw13 start
2026-01-29 09:33:13,453 - Knowledge - INFO - [kw12] Queue=291, InProgress=0, PendingWorkers=6/12, Completed=0/327 (0.0%)
2026-01-29 09:33:13,453 - Knowledge - INFO - Worker kw14 created using shared MongoDB connection pool
2026-01-29 09:33:13,468 - Knowledge - INFO - Worker kw7 processing /app/data/T0002/206936/b0193s4/Unvanquished-206936/src/sgame/components/DrillComponent.h
2026-01-29 09:33:13,480 - Knowledge - INFO - Worker kw9 processing /app/data/T0002/206936/b0193s4/Unvanquished-206936/src/sgame/components/ArmouryComponent.h
2026-01-29 09:33:13,483 - Knowledge - INFO - Worker kw6 processing /app/data/T0002/206936/b0193s4/Unvanquished-206936/src/sgame/components/RocketpodComponent.h
2026-01-29 09:33:13,491 - Knowledge - INFO - Worker kw8 processing /app/data/T0002/206936/b0193s4/Unvanquished-206936/src/sgame/components/TrapperComponent.cpp
2026-01-29 09:33:13,494 - Knowledge - INFO - Fast-tracked /app/data/T0002/206936/b0193s4/Unvanquished-206936/src/sgame/lua/Interpreter.h (ext=.h, size=1856)
2026-01-29 09:33:13,500 - Knowledge - INFO - Fast-tracked /app/data/T0002/206936/b0193s4/Unvanquished-206936/src/sgame/botlib/bot_navdraw.h (small file (2599 bytes))
2026-01-29 09:33:13,505 - Knowledge - INFO - Worker kw11 processing /app/data/T0002/206936/b0193s4/Unvanquished-206936/src/sgame/components/AcidTubeComponent.h
2026-01-29 09:33:13,539 - Knowledge - INFO - Worker kw10 processing /app/data/T0002/206936/b0193s4/Unvanquished-206936/src/sgame/sg_bot_public.h
2026-01-29 09:33:13,552 - Knowledge - INFO - [kw13] Queue=261, InProgress=0, PendingWorkers=11/13, Completed=0/327 (0.0%)
2026-01-29 09:33:13,557 - Knowledge - INFO - Batch sizing: calculated=6, max_allowed=10, queue=291, active_workers=11/13
2026-01-29 09:33:13,558 - Knowledge - INFO - knowledge worker kw14 start
2026-01-29 09:33:13,558 - Knowledge - INFO - Worker kw15 created using shared MongoDB connection pool
2026-01-29 09:33:13,559 - Knowledge - INFO - Fast-tracked /app/data/T0002/206936/b0193s4/Unvanquished-206936/src/sgame/components/DrillComponent.h (ext=.h, size=896)
2026-01-29 09:33:13,560 - Knowledge - INFO - Worker kw6 processing /app/data/T0002/206936/b0193s4/Unvanquished-206936/src/sgame/components/ReactorComponent.cpp
2026-01-29 09:33:13,560 - Knowledge - INFO - Fast-tracked /app/data/T0002/206936/b0193s4/Unvanquished-206936/src/sgame/components/ArmouryComponent.h (ext=.h, size=785)
2026-01-29 09:33:13,566 - Knowledge - INFO - Worker kw8 processing /app/data/T0002/206936/b0193s4/Unvanquished-206936/src/sgame/components/RocketMissileComponent.cpp
2026-01-29 09:33:13,585 - Knowledge - INFO - Fast-tracked /app/data/T0002/206936/b0193s4/Unvanquished-206936/src/sgame/components/AcidTubeComponent.h (ext=.h, size=970)
2026-01-29 09:33:13,588 - Knowledge - INFO - Fast-tracked /app/data/T0002/206936/b0193s4/Unvanquished-206936/src/sgame/botlib/bot_convert.cpp (small file (2106 bytes))
2026-01-29 09:33:13,589 - Knowledge - INFO - Fast-tracked /app/data/T0002/206936/b0193s4/Unvanquished-206936/src/sgame/botlib/bot_convert.h (small file (2825 bytes))
2026-01-29 09:33:13,589 - Knowledge - INFO - Worker kw10 processing /app/data/T0002/206936/b0193s4/Unvanquished-206936/src/sgame/sg_svcmds.cpp
2026-01-29 09:33:13,592 - Knowledge - INFO - Batch sizing: calculated=6, max_allowed=10, queue=261, active_workers=11/14
2026-01-29 09:33:13,594 - Knowledge - INFO - Worker kw12 processing /app/data/T0002/206936/b0193s4/Unvanquished-206936/src/sgame/components/HiveMissileComponent.cpp
2026-01-29 09:33:13,945 - Knowledge - INFO - [kw14] Queue=255, InProgress=0, PendingWorkers=12/14, Completed=0/327 (0.0%)
2026-01-29 09:33:13,953 - Knowledge - INFO - knowledge worker kw15 start
2026-01-29 09:33:13,957 - Knowledge - INFO - Worker kw16 created using shared MongoDB connection pool
2026-01-29 09:33:13,965 - Knowledge - INFO - Worker kw7 processing /app/data/T0002/206936/b0193s4/Unvanquished-206936/src/sgame/components/KnockbackComponent.h
2026-01-29 09:33:13,969 - Knowledge - INFO - Worker kw9 processing /app/data/T0002/206936/b0193s4/Unvanquished-206936/src/sgame/components/AlienClassComponent.h
2026-01-29 09:33:13,969 - Knowledge - INFO - Fast-tracked /app/data/T0002/206936/b0193s4/Unvanquished-206936/src/sgame/components/ReactorComponent.cpp (ext=.cpp, size=1660)
2026-01-29 09:33:13,970 - Knowledge - INFO - Worker kw8 processing /app/data/T0002/206936/b0193s4/Unvanquished-206936/src/sgame/components/SpikerComponent.cpp
2026-01-29 09:33:13,973 - Knowledge - INFO - Worker kw11 processing /app/data/T0002/206936/b0193s4/Unvanquished-206936/src/sgame/components/DeferredFreeingComponent.h
2026-01-29 09:33:13,975 - Knowledge - INFO - Split /app/data/T0002/206936/b0193s4/Unvanquished-206936/src/sgame/sg_bot_util.cpp (77094 bytes) into 3 chunks of ~32KB
2026-01-29 09:33:13,981 - Knowledge - INFO - Worker kw13 processing /app/data/T0002/206936/b0193s4/Unvanquished-206936/src/sgame/components/AlienBuildableComponent.cpp
2026-01-29 09:33:13,983 - Knowledge - INFO - Worker kw10 processing /app/data/T0002/206936/b0193s4/Unvanquished-206936/src/sgame/sg_local.h
2026-01-29 09:33:13,985 - Knowledge - INFO - Worker kw12 processing /app/data/T0002/206936/b0193s4/Unvanquished-206936/src/sgame/components/AlienBuildableComponent.h
2026-01-29 09:33:13,986 - Knowledge - INFO - Fast-tracked /app/data/T0002/206936/b0193s4/Unvanquished-206936/src/sgame/botlib/bot_types.h (small file (2892 bytes))
2026-01-29 09:33:13,988 - Knowledge - INFO - Batch sizing: calculated=6, max_allowed=10, queue=255, active_workers=13/15
2026-01-29 09:33:13,989 - Knowledge - INFO - knowledge worker kw16 start
2026-01-29 09:33:13,990 - Knowledge - INFO - [kw15] Queue=249, InProgress=0, PendingWorkers=13/15, Completed=0/327 (0.0%)
2026-01-29 09:33:13,990 - Knowledge - INFO - Worker kw17 created using shared MongoDB connection pool
2026-01-29 09:33:13,992 - Knowledge - INFO - Fast-tracked /app/data/T0002/206936/b0193s4/Unvanquished-206936/src/sgame/components/AlienClassComponent.h (ext=.h, size=1274)
2026-01-29 09:33:13,993 - Knowledge - INFO - [kw16] Queue=249, InProgress=0, PendingWorkers=13/16, Completed=0/327 (0.0%)
2026-01-29 09:33:13,994 - Knowledge - INFO - Worker kw6 processing /app/data/T0002/206936/b0193s4/Unvanquished-206936/src/sgame/components/SpawnerComponent.cpp
2026-01-29 09:33:14,002 - Knowledge - INFO - Worker kw11 processing /app/data/T0002/206936/b0193s4/Unvanquished-206936/src/sgame/components/HealthComponent.cpp
2026-01-29 09:33:14,003 - Knowledge - INFO - Worker kw8 processing /app/data/T0002/206936/b0193s4/Unvanquished-206936/src/sgame/components/TurretComponent.cpp
2026-01-29 09:33:14,051 - Knowledge - INFO - Worker kw13 processing /app/data/T0002/206936/b0193s4/Unvanquished-206936/src/sgame/components/HumanBuildableComponent.cpp
2026-01-29 09:33:14,055 - Knowledge - INFO - Fast-tracked /app/data/T0002/206936/b0193s4/Unvanquished-206936/src/sgame/sg_local.h (ext=.h, size=1599)
2026-01-29 09:33:14,064 - Knowledge - INFO - Fast-tracked /app/data/T0002/206936/b0193s4/Unvanquished-206936/src/sgame/components/AlienBuildableComponent.h (ext=.h, size=1973)
2026-01-29 09:33:14,076 - Knowledge - INFO - Worker kw14 processing /app/data/T0002/206936/b0193s4/Unvanquished-206936/src/sgame/components/HiveComponent.h
2026-01-29 09:33:14,086 - Knowledge - INFO - Batch sizing: calculated=6, max_allowed=10, queue=249, active_workers=14/16
2026-01-29 09:33:14,091 - Knowledge - INFO - knowledge worker kw17 start
2026-01-29 09:33:14,094 - Knowledge - INFO - Worker kw18 created using shared MongoDB connection pool
2026-01-29 09:33:14,097 - Knowledge - INFO - Fast-tracked /app/data/T0002/206936/b0193s4/Unvanquished-206936/src/sgame/components/KnockbackComponent.h (ext=.h, size=1355)
2026-01-29 09:33:14,101 - Knowledge - INFO - Worker kw9 processing /app/data/T0002/206936/b0193s4/Unvanquished-206936/src/sgame/components/HumanClassComponent.h
2026-01-29 09:33:14,103 - Knowledge - INFO - Batch sizing: calculated=6, max_allowed=10, queue=249, active_workers=14/17
2026-01-29 09:33:14,146 - Knowledge - INFO - Fast-tracked /app/data/T0002/206936/b0193s4/Unvanquished-206936/src/sgame/CombatFeedback.cpp (small file (2474 bytes))
2026-01-29 09:33:14,147 - Knowledge - INFO - Worker kw6 processing /app/data/T0002/206936/b0193s4/Unvanquished-206936/src/sgame/components/EggComponent.h
2026-01-29 09:33:14,150 - Knowledge - INFO - Worker kw11 processing /app/data/T0002/206936/b0193s4/Unvanquished-206936/src/sgame/components/ArmorComponent.h
2026-01-29 09:33:14,155 - Knowledge - INFO - Worker kw8 processing /app/data/T0002/206936/b0193s4/Unvanquished-206936/src/sgame/components/MissileComponent.cpp
2026-01-29 09:33:14,158 - Knowledge - INFO - Worker kw13 processing /app/data/T0002/206936/b0193s4/Unvanquished-206936/src/sgame/components/SpectatorComponent.cpp
2026-01-29 09:33:14,160 - Knowledge - INFO - Worker kw10 processing /app/data/T0002/206936/b0193s4/Unvanquished-206936/src/sgame/components/HiveComponent.cpp
2026-01-29 09:33:14,161 - Knowledge - INFO - Worker kw12 processing /app/data/T0002/206936/b0193s4/Unvanquished-206936/src/sgame/components/HumanBuildableComponent.h
2026-01-29 09:33:14,162 - Knowledge - INFO - Fast-tracked /app/data/T0002/206936/b0193s4/Unvanquished-206936/src/sgame/components/HiveComponent.h (ext=.h, size=1450)
2026-01-29 09:33:14,163 - Knowledge - INFO - Worker kw15 processing /app/data/T0002/206936/b0193s4/Unvanquished-206936/src/sgame/components/OvermindComponent.h
2026-01-29 09:33:14,164 - Knowledge - INFO - knowledge worker kw18 start
2026-01-29 09:33:14,164 - Knowledge - INFO - Worker kw19 created using shared MongoDB connection pool
2026-01-29 09:33:14,165 - Knowledge - INFO - [kw17] Queue=237, InProgress=0, PendingWorkers=15/18, Completed=0/327 (0.0%)
2026-01-29 09:33:14,166 - Knowledge - INFO - Worker kw7 processing /app/data/T0002/206936/b0193s4/Unvanquished-206936/src/sgame/components/ThinkingComponent.cpp
2026-01-29 09:33:14,167 - Knowledge - INFO - Fast-tracked /app/data/T0002/206936/b0193s4/Unvanquished-206936/src/sgame/components/HumanClassComponent.h (ext=.h, size=1274)
2026-01-29 09:33:14,169 - Knowledge - INFO - Worker kw16 processing /app/data/T0002/206936/b0193s4/Unvanquished-206936/src/sgame/components/ClientComponent.cpp
2026-01-29 09:33:14,171 - Knowledge - INFO - Fast-tracked /app/data/T0002/206936/b0193s4/Unvanquished-206936/src/sgame/components/EggComponent.h (ext=.h, size=1783)
2026-01-29 09:33:14,172 - Knowledge - INFO - Fast-tracked /app/data/T0002/206936/b0193s4/Unvanquished-206936/src/sgame/components/ArmorComponent.h (ext=.h, size=1137)
2026-01-29 09:33:14,174 - Knowledge - INFO - Worker kw8 processing /app/data/T0002/206936/b0193s4/Unvanquished-206936/src/sgame/components/LeechComponent.h
2026-01-29 09:33:14,175 - Knowledge - INFO - Fast-tracked /app/data/T0002/206936/b0193s4/Unvanquished-206936/src/sgame/components/SpectatorComponent.cpp (ext=.cpp, size=819)
2026-01-29 09:33:14,178 - Knowledge - INFO - Fast-tracked /app/data/T0002/206936/b0193s4/Unvanquished-206936/src/sgame/components/HumanBuildableComponent.h (ext=.h, size=1540)
2026-01-29 09:33:14,179 - Knowledge - INFO - Worker kw10 processing /app/data/T0002/206936/b0193s4/Unvanquished-206936/src/sgame/components/TeamComponent.h
2026-01-29 09:33:14,179 - Knowledge - INFO - Worker kw14 processing /app/data/T0002/206936/b0193s4/Unvanquished-206936/src/sgame/components/LeechComponent.cpp
2026-01-29 09:33:14,181 - Knowledge - INFO - Fast-tracked /app/data/T0002/206936/b0193s4/Unvanquished-206936/src/sgame/components/OvermindComponent.h (ext=.h, size=1558)
2026-01-29 09:33:14,181 - Knowledge - INFO - knowledge worker kw19 start
2026-01-29 09:33:14,182 - Knowledge - INFO - Worker kw20 created using shared MongoDB connection pool
2026-01-29 09:33:14,182 - Knowledge - INFO - [kw18] Queue=231, InProgress=0, PendingWorkers=16/19, Completed=0/327 (0.0%)
2026-01-29 09:33:14,183 - Knowledge - INFO - Batch sizing: calculated=6, max_allowed=10, queue=237, active_workers=16/19
2026-01-29 09:33:14,184 - Knowledge - INFO - Worker kw9 processing /app/data/T0002/206936/b0193s4/Unvanquished-206936/src/sgame/components/MedipadComponent.cpp
2026-01-29 09:33:14,186 - Knowledge - INFO - Worker kw7 processing /app/data/T0002/206936/b0193s4/Unvanquished-206936/src/sgame/components/IgnitableComponent.h
2026-01-29 09:33:14,187 - Knowledge - INFO - Worker kw6 processing /app/data/T0002/206936/b0193s4/Unvanquished-206936/src/sgame/components/MainBuildableComponent.h
2026-01-29 09:33:14,188 - Knowledge - INFO - Fast-tracked /app/data/T0002/206936/b0193s4/Unvanquished-206936/src/sgame/components/ClientComponent.cpp (ext=.cpp, size=224)
2026-01-29 09:33:14,188 - Knowledge - INFO - Worker kw11 processing /app/data/T0002/206936/b0193s4/Unvanquished-206936/src/sgame/components/BarricadeComponent.h
2026-01-29 09:33:14,189 - Knowledge - INFO - Worker kw13 processing /app/data/T0002/206936/b0193s4/Unvanquished-206936/src/sgame/components/TelenodeComponent.h
2026-01-29 09:33:14,190 - Knowledge - INFO - Fast-tracked /app/data/T0002/206936/b0193s4/Unvanquished-206936/src/sgame/components/LeechComponent.h (ext=.h, size=896)
2026-01-29 09:33:14,190 - Knowledge - INFO - Worker kw12 processing /app/data/T0002/206936/b0193s4/Unvanquished-206936/src/sgame/components/MGTurretComponent.cpp
2026-01-29 09:33:14,192 - Knowledge - INFO - Fast-tracked /app/data/T0002/206936/b0193s4/Unvanquished-206936/src/sgame/components/TeamComponent.h (ext=.h, size=953)
2026-01-29 09:33:14,192 - Knowledge - INFO - Worker kw15 processing /app/data/T0002/206936/b0193s4/Unvanquished-206936/src/sgame/components/BuildableComponent.h
2026-01-29 09:33:14,194 - Knowledge - INFO - Fast-tracked /app/data/T0002/206936/b0193s4/Unvanquished-206936/src/sgame/components/LeechComponent.cpp (ext=.cpp, size=270)
2026-01-29 09:33:14,194 - Knowledge - INFO - [kw19] Queue=231, InProgress=0, PendingWorkers=16/19, Completed=0/327 (0.0%)
2026-01-29 09:33:14,195 - Knowledge - INFO - knowledge worker kw20 start
2026-01-29 09:33:14,198 - Knowledge - INFO - Batch sizing: calculated=6, max_allowed=10, queue=231, active_workers=16/20
2026-01-29 09:33:14,198 - Knowledge - INFO - Worker kw17 processing /app/data/T0002/206936/b0193s4/Unvanquished-206936/src/sgame/components/DrillComponent.cpp
2026-01-29 09:33:14,200 - Knowledge - INFO - Worker kw9 processing /app/data/T0002/206936/b0193s4/Unvanquished-206936/src/sgame/components/BuildableComponent.cpp
2026-01-29 09:33:14,203 - Knowledge - INFO - Worker kw7 processing /app/data/T0002/206936/b0193s4/Unvanquished-206936/src/sgame/components/OvermindComponent.cpp
2026-01-29 09:33:14,238 - Knowledge - INFO - Fast-tracked /app/data/T0002/206936/b0193s4/Unvanquished-206936/src/sgame/components/MainBuildableComponent.h (ext=.h, size=1765)
2026-01-29 09:33:14,239 - Knowledge - INFO - Worker kw16 processing /app/data/T0002/206936/b0193s4/Unvanquished-206936/src/sgame/components/MGTurretComponent.h
2026-01-29 09:33:14,253 - Knowledge - INFO - Fast-tracked /app/data/T0002/206936/b0193s4/Unvanquished-206936/src/sgame/components/BarricadeComponent.h (ext=.h, size=1485)
2026-01-29 09:33:14,255 - Knowledge - INFO - Fast-tracked /app/data/T0002/206936/b0193s4/Unvanquished-206936/src/sgame/components/TelenodeComponent.h (ext=.h, size=1846)
2026-01-29 09:33:14,262 - Knowledge - INFO - Worker kw12 processing /app/data/T0002/206936/b0193s4/Unvanquished-206936/src/sgame/components/SpectatorComponent.h
2026-01-29 09:33:14,265 - Knowledge - INFO - Worker kw14 processing /app/data/T0002/206936/b0193s4/Unvanquished-206936/src/sgame/components/AcidTubeComponent.cpp
2026-01-29 09:33:14,265 - Knowledge - INFO - Worker kw15 processing /app/data/T0002/206936/b0193s4/Unvanquished-206936/src/sgame/components/MainBuildableComponent.cpp
2026-01-29 09:33:14,273 - Knowledge - INFO - Batch sizing: calculated=6, max_allowed=10, queue=231, active_workers=17/20
2026-01-29 09:33:14,275 - Knowledge - INFO - Worker kw18 processing /app/data/T0002/206936/b0193s4/Unvanquished-206936/src/sgame/components/RocketMissileComponent.h
2026-01-29 09:33:14,279 - Knowledge - INFO - [kw20] Queue=219, InProgress=0, PendingWorkers=18/20, Completed=0/327 (0.0%)
2026-01-29 09:33:14,280 - Knowledge - INFO - Fast-tracked /app/data/T0002/206936/b0193s4/Unvanquished-206936/src/sgame/components/DrillComponent.cpp (ext=.cpp, size=270)
2026-01-29 09:33:14,287 - Knowledge - INFO - Worker kw9 processing /app/data/T0002/206936/b0193s4/Unvanquished-206936/src/sgame/components/TelenodeComponent.cpp
2026-01-29 09:33:14,287 - Knowledge - INFO - Worker kw7 processing /app/data/T0002/206936/b0193s4/Unvanquished-206936/src/sgame/components/ClientComponent.h
2026-01-29 09:33:14,289 - Knowledge - INFO - Worker kw6 processing /app/data/T0002/206936/b0193s4/Unvanquished-206936/src/sgame/components/BoosterComponent.cpp
2026-01-29 09:33:14,298 - Knowledge - INFO - Fast-tracked /app/data/T0002/206936/b0193s4/Unvanquished-206936/src/sgame/sg_bot_public.h (small file (2603 bytes))
2026-01-29 09:33:14,299 - Knowledge - INFO - Worker kw11 processing /app/data/T0002/206936/b0193s4/Unvanquished-206936/src/sgame/components/MiningComponent.cpp
2026-01-29 09:33:14,299 - Knowledge - INFO - Fast-tracked /app/data/T0002/206936/b0193s4/Unvanquished-206936/src/sgame/components/MGTurretComponent.h (ext=.h, size=1873)
2026-01-29 09:33:14,300 - Knowledge - INFO - Worker kw13 processing /app/data/T0002/206936/b0193s4/Unvanquished-206936/src/sgame/components/ReactorComponent.h
2026-01-29 09:33:14,306 - Knowledge - INFO - Fast-tracked /app/data/T0002/206936/b0193s4/Unvanquished-206936/src/sgame/components/AcidTubeComponent.cpp (ext=.cpp, size=1250)
2026-01-29 09:33:14,309 - Knowledge - INFO - Fast-tracked /app/data/T0002/206936/b0193s4/Unvanquished-206936/src/sgame/components/SpectatorComponent.h (ext=.h, size=950)
2026-01-29 09:33:14,337 - Knowledge - INFO - Fast-tracked /app/data/T0002/206936/b0193s4/Unvanquished-206936/src/sgame/components/MainBuildableComponent.cpp (ext=.cpp, size=1660)
2026-01-29 09:33:14,337 - Knowledge - INFO - Worker kw19 processing /app/data/T0002/206936/b0193s4/Unvanquished-206936/src/sgame/sg_cm_world.h
2026-01-29 09:33:14,342 - Knowledge - INFO - Batch sizing: calculated=6, max_allowed=10, queue=219, active_workers=19/20
2026-01-29 09:33:14,342 - Knowledge - INFO - Worker kw18 processing /app/data/T0002/206936/b0193s4/Unvanquished-206936/src/sgame/components/SpikerComponent.h
2026-01-29 09:33:14,343 - Knowledge - INFO - Worker kw17 processing /app/data/T0002/206936/b0193s4/Unvanquished-206936/src/sgame/components/TeamComponent.cpp
2026-01-29 09:33:14,344 - Knowledge - INFO - Fast-tracked /app/data/T0002/206936/b0193s4/Unvanquished-206936/src/sgame/components/TelenodeComponent.cpp (ext=.cpp, size=1279)
2026-01-29 09:33:14,348 - Knowledge - INFO - Fast-tracked /app/data/T0002/206936/b0193s4/Unvanquished-206936/src/sgame/components/ClientComponent.h (ext=.h, size=874)
2026-01-29 09:33:14,348 - Knowledge - INFO - Fast-tracked /app/data/T0002/206936/b0193s4/Unvanquished-206936/src/sgame/components/BoosterComponent.cpp (ext=.cpp, size=223)
2026-01-29 09:33:14,352 - Knowledge - INFO - Worker kw16 processing /app/data/T0002/206936/b0193s4/Unvanquished-206936/src/sgame/components/HumanClassComponent.cpp
2026-01-29 09:33:14,355 - Knowledge - INFO - Worker kw14 processing /app/data/T0002/206936/b0193s4/Unvanquished-206936/src/sgame/components/DeferredFreeingComponent.cpp
2026-01-29 09:33:14,357 - Knowledge - INFO - Fast-tracked /app/data/T0002/206936/b0193s4/Unvanquished-206936/src/sgame/components/ReactorComponent.h (ext=.h, size=1119)
2026-01-29 09:33:14,359 - Knowledge - INFO - Fast-tracked /app/data/T0002/206936/b0193s4/Unvanquished-206936/src/sgame/components/DeferredFreeingComponent.h (small file (2245 bytes))
2026-01-29 09:33:14,359 - Knowledge - INFO - Worker kw12 processing /app/data/T0002/206936/b0193s4/Unvanquished-206936/src/sgame/components/BarricadeComponent.cpp
2026-01-29 09:33:14,362 - Knowledge - INFO - Worker kw15 processing /app/data/T0002/206936/b0193s4/Unvanquished-206936/src/sgame/components/MedipadComponent.h
2026-01-29 09:33:14,363 - Knowledge - INFO - Worker kw20 processing /app/data/T0002/206936/b0193s4/Unvanquished-206936/src/sgame/sg_bot_parse.h
2026-01-29 09:33:14,365 - Knowledge - INFO - Fast-tracked /app/data/T0002/206936/b0193s4/Unvanquished-206936/src/sgame/components/TeamComponent.cpp (ext=.cpp, size=151)
2026-01-29 09:33:14,365 - Knowledge - INFO - Worker kw18 processing /app/data/T0002/206936/b0193s4/Unvanquished-206936/src/sgame/components/MissileComponent.h
2026-01-29 09:33:14,366 - Knowledge - INFO - Worker kw19 processing /app/data/T0002/206936/b0193s4/Unvanquished-206936/src/sgame/generate-entities.sh
2026-01-29 09:33:14,380 - Knowledge - INFO - Fast-tracked /app/data/T0002/206936/b0193s4/Unvanquished-206936/src/sgame/components/ThinkingComponent.cpp (small file (3032 bytes))
2026-01-29 09:33:14,382 - Knowledge - INFO - Fast-tracked /app/data/T0002/206936/b0193s4/Unvanquished-206936/src/sgame/components/HumanClassComponent.cpp (ext=.cpp, size=431)
2026-01-29 09:33:14,383 - Knowledge - INFO - Fast-tracked /app/data/T0002/206936/b0193s4/Unvanquished-206936/src/sgame/components/DeferredFreeingComponent.cpp (ext=.cpp, size=1320)
2026-01-29 09:33:14,383 - Knowledge - INFO - Worker kw13 processing /app/data/T0002/206936/b0193s4/Unvanquished-206936/src/sgame/components/SpawnerComponent.h
2026-01-29 09:33:14,386 - Knowledge - INFO - Fast-tracked /app/data/T0002/206936/b0193s4/Unvanquished-206936/src/sgame/components/BarricadeComponent.cpp (ext=.cpp, size=1384)
2026-01-29 09:33:14,387 - Knowledge - INFO - Fast-tracked /app/data/T0002/206936/b0193s4/Unvanquished-206936/src/sgame/components/RocketpodComponent.h (small file (2529 bytes))
2026-01-29 09:33:14,387 - Knowledge - INFO - Fast-tracked /app/data/T0002/206936/b0193s4/Unvanquished-206936/src/sgame/components/MedipadComponent.h (ext=.h, size=1130)
2026-01-29 09:33:14,390 - Knowledge - INFO - Worker kw17 processing /app/data/T0002/206936/b0193s4/Unvanquished-206936/src/sgame/components/HiveMissileComponent.h
2026-01-29 09:33:14,390 - Knowledge - INFO - Worker kw20 processing /app/data/T0002/206936/b0193s4/Unvanquished-206936/src/sgame/sg_buildable.cpp
2026-01-29 09:33:14,402 - Knowledge - INFO - Worker kw18 processing /app/data/T0002/206936/b0193s4/Unvanquished-206936/src/sgame/components/TurretComponent.h
2026-01-29 09:33:14,454 - Knowledge - INFO - Fast-tracked /app/data/T0002/206936/b0193s4/Unvanquished-206936/src/sgame/generate-entities.sh (ext=.sh, size=340)
2026-01-29 09:33:14,461 - Knowledge - INFO - Worker kw16 processing /app/data/T0002/206936/b0193s4/Unvanquished-206936/src/sgame/components/AlienClassComponent.cpp
2026-01-29 09:33:14,471 - Knowledge - INFO - Fast-tracked /app/data/T0002/206936/b0193s4/Unvanquished-206936/src/sgame/components/AlienClassComponent.cpp (ext=.cpp, size=431)
2026-01-29 09:33:14,496 - Knowledge - INFO - Fast-tracked /app/data/T0002/206936/b0193s4/Unvanquished-206936/src/sgame/components/HiveMissileComponent.cpp (small file (2935 bytes))
2026-01-29 09:33:14,498 - Knowledge - INFO - Worker kw15 processing /app/data/T0002/206936/b0193s4/Unvanquished-206936/src/sgame/components/IgnitableComponent.cpp
2026-01-29 09:33:14,542 - Knowledge - INFO - Worker kw17 processing /app/data/T0002/206936/b0193s4/Unvanquished-206936/src/sgame/components/TrapperComponent.h
2026-01-29 09:33:14,546 - Knowledge - INFO - Worker kw20 processing /app/data/T0002/206936/b0193s4/Unvanquished-206936/src/sgame/sg_bot_local.h
2026-01-29 09:33:14,549 - Knowledge - INFO - Worker kw19 processing /app/data/T0002/206936/b0193s4/Unvanquished-206936/src/sgame/sg_active.cpp
2026-01-29 09:33:14,549 - Knowledge - INFO - Worker kw18 processing /app/data/T0002/206936/b0193s4/Unvanquished-206936/src/sgame/components/RocketpodComponent.cpp
2026-01-29 09:33:14,551 - Knowledge - INFO - Worker kw14 processing /app/data/T0002/206936/b0193s4/Unvanquished-206936/src/sgame/components/ArmorComponent.cpp
2026-01-29 09:33:14,551 - Knowledge - INFO - Worker kw16 processing /app/data/T0002/206936/b0193s4/Unvanquished-206936/src/sgame/components/MiningComponent.h
2026-01-29 09:33:14,567 - Knowledge - INFO - Worker kw15 processing /app/data/T0002/206936/b0193s4/Unvanquished-206936/src/sgame/components/ArmouryComponent.cpp
2026-01-29 09:33:14,577 - Knowledge - INFO - Fast-tracked /app/data/T0002/206936/b0193s4/Unvanquished-206936/src/sgame/components/TrapperComponent.h (ext=.h, size=894)
2026-01-29 09:33:14,582 - Knowledge - INFO - Worker kw20 processing /app/data/T0002/206936/b0193s4/Unvanquished-206936/src/sgame/sg_session.cpp
2026-01-29 09:33:14,585 - Knowledge - INFO - Worker kw19 processing /app/data/T0002/206936/b0193s4/Unvanquished-206936/src/sgame/Entities.cpp
2026-01-29 09:33:14,589 - Knowledge - INFO - Fast-tracked /app/data/T0002/206936/b0193s4/Unvanquished-206936/src/sgame/components/HumanBuildableComponent.cpp (small file (2608 bytes))
2026-01-29 09:33:14,599 - Knowledge - INFO - Worker kw18 processing /app/data/T0002/206936/b0193s4/Unvanquished-206936/src/sgame/components/HealthComponent.h
2026-01-29 09:33:14,604 - Knowledge - INFO - Worker kw14 processing /app/data/T0002/206936/b0193s4/Unvanquished-206936/src/sgame/components/ThinkingComponent.h
2026-01-29 09:33:14,647 - Knowledge - INFO - Fast-tracked /app/data/T0002/206936/b0193s4/Unvanquished-206936/src/sgame/components/ArmouryComponent.cpp (ext=.cpp, size=223)
2026-01-29 09:33:14,647 - Knowledge - INFO - Worker kw16 processing /app/data/T0002/206936/b0193s4/Unvanquished-206936/src/sgame/components/KnockbackComponent.cpp
2026-01-29 09:33:14,648 - Knowledge - INFO - Worker kw17 processing /app/data/T0002/206936/b0193s4/Unvanquished-206936/src/sgame/components/EggComponent.cpp
2026-01-29 09:33:14,649 - Knowledge - INFO - Worker kw20 processing /app/data/T0002/206936/b0193s4/Unvanquished-206936/src/sgame/sg_bot_util.h
2026-01-29 09:33:14,651 - Knowledge - INFO - Worker kw19 processing /app/data/T0002/206936/b0193s4/Unvanquished-206936/src/sgame/entities.yaml
2026-01-29 09:33:14,658 - Knowledge - INFO - Fast-tracked /app/data/T0002/206936/b0193s4/Unvanquished-206936/src/sgame/components/ThinkingComponent.h (ext=.h, size=1954)
2026-01-29 09:33:14,660 - Knowledge - INFO - Fast-tracked /app/data/T0002/206936/b0193s4/Unvanquished-206936/src/sgame/components/SpawnerComponent.h (small file (2105 bytes))
2026-01-29 09:33:14,661 - Knowledge - INFO - Worker kw17 processing /app/data/T0002/206936/b0193s4/Unvanquished-206936/src/sgame/components/BoosterComponent.h
2026-01-29 09:33:14,661 - Knowledge - INFO - Worker kw20 processing /app/data/T0002/206936/b0193s4/Unvanquished-206936/src/sgame/sg_cm_world.cpp
2026-01-29 09:33:14,662 - Knowledge - INFO - Fast-tracked /app/data/T0002/206936/b0193s4/Unvanquished-206936/src/sgame/components/RocketMissileComponent.h (small file (2491 bytes))
2026-01-29 09:33:14,664 - Knowledge - INFO - Fast-tracked /app/data/T0002/206936/b0193s4/Unvanquished-206936/src/sgame/entities.yaml (ext=.yaml, size=9762)
2026-01-29 09:33:14,670 - Knowledge - INFO - Fast-tracked /app/data/T0002/206936/b0193s4/Unvanquished-206936/src/sgame/components/MiningComponent.h (small file (2900 bytes))
2026-01-29 09:33:14,680 - Knowledge - INFO - Fast-tracked /app/data/T0002/206936/b0193s4/Unvanquished-206936/src/sgame/components/BoosterComponent.h (ext=.h, size=785)
2026-01-29 09:33:14,689 - Knowledge - INFO - Fast-tracked /app/data/T0002/206936/b0193s4/Unvanquished-206936/src/sgame/sg_bot_parse.h (small file (2466 bytes))
2026-01-29 09:33:14,689 - Knowledge - INFO - Worker kw19 processing /app/data/T0002/206936/b0193s4/Unvanquished-206936/src/sgame/sg_public.h
2026-01-29 09:33:14,694 - Knowledge - INFO - Fast-tracked /app/data/T0002/206936/b0193s4/Unvanquished-206936/src/sgame/components/SpikerComponent.h (small file (2514 bytes))
2026-01-29 09:33:14,698 - Knowledge - INFO - Fast-tracked /app/data/T0002/206936/b0193s4/Unvanquished-206936/src/sgame/components/KnockbackComponent.cpp (small file (2060 bytes))
2026-01-29 09:33:14,702 - Knowledge - INFO - Fast-tracked /app/data/T0002/206936/b0193s4/Unvanquished-206936/src/sgame/components/HiveMissileComponent.h (small file (2477 bytes))
2026-01-29 09:33:14,744 - Knowledge - INFO - Fast-tracked /app/data/T0002/206936/b0193s4/Unvanquished-206936/src/sgame/components/EggComponent.cpp (small file (2711 bytes))
2026-01-29 09:33:14,746 - Knowledge - INFO - Fast-tracked /app/data/T0002/206936/b0193s4/Unvanquished-206936/src/sgame/components/MissileComponent.h (small file (2583 bytes))
2026-01-29 09:33:14,859 - Knowledge - INFO - Fast-tracked /app/data/T0002/206936/b0193s4/Unvanquished-206936/src/sgame/components/HealthComponent.h (small file (2398 bytes))
2026-01-29 09:33:15,056 - Knowledge - INFO - Processing batch of 6 files
2026-01-29 09:33:15,057 - Knowledge - INFO - process ingested knowledge for /app/data/T0002/206936/b0193s4/Unvanquished-206936/src/sgame/components/DrillComponent.cpp
2026-01-29 09:33:15,058 - Knowledge - INFO - Processing batch of 6 files
2026-01-29 09:33:15,058 - Knowledge - INFO - process ingested knowledge for /app/data/T0002/206936/b0193s4/Unvanquished-206936/src/sgame/components/TeamComponent.cpp
2026-01-29 09:33:15,059 - Knowledge - INFO - process ingested knowledge for /app/data/T0002/206936/b0193s4/Unvanquished-206936/src/sgame/components/ClientComponent.cpp
2026-01-29 09:33:15,070 - Knowledge - INFO - process ingested knowledge for /app/data/T0002/206936/b0193s4/Unvanquished-206936/src/sgame/components/HiveMissileComponent.h
2026-01-29 09:33:15,071 - Knowledge - INFO - process ingested knowledge for /app/data/T0002/206936/b0193s4/Unvanquished-206936/src/sgame/components/MGTurretComponent.h
2026-01-29 09:33:15,072 - Knowledge - INFO - process ingested knowledge for /app/data/T0002/206936/b0193s4/Unvanquished-206936/src/sgame/components/TrapperComponent.h
2026-01-29 09:33:15,084 - Knowledge - INFO - process ingested knowledge for /app/data/T0002/206936/b0193s4/Unvanquished-206936/src/sgame/components/HumanClassComponent.cpp
2026-01-29 09:33:15,085 - Knowledge - INFO - process ingested knowledge for /app/data/T0002/206936/b0193s4/Unvanquished-206936/src/sgame/components/EggComponent.cpp
2026-01-29 09:33:15,086 - Knowledge - INFO - process ingested knowledge for /app/data/T0002/206936/b0193s4/Unvanquished-206936/src/sgame/components/AlienClassComponent.cpp
2026-01-29 09:33:15,087 - Knowledge - INFO - process ingested knowledge for /app/data/T0002/206936/b0193s4/Unvanquished-206936/src/sgame/components/BoosterComponent.h
2026-01-29 09:33:15,088 - Knowledge - INFO - process ingested knowledge for /app/data/T0002/206936/b0193s4/Unvanquished-206936/src/sgame/components/MiningComponent.h
2026-01-29 09:33:15,252 - Knowledge - INFO - process ingested knowledge for /app/data/T0002/206936/b0193s4/Unvanquished-206936/src/sgame/components/KnockbackComponent.cpp
2026-01-29 09:33:24,547 - Knowledge - INFO - [WEBSOCKET] Sent: Type=progress_update, Size: 286, Duration: 0ms
2026-01-29 09:33:24,656 - Knowledge - INFO - [WEBSOCKET] Sent: Type=unknown, Size: ?, Duration: 109ms
2026-01-29 09:33:24,657 - Knowledge - INFO - Progress: 3.7% | Files: 12/327 | Rate: 0.94 files/sec | Queue: 207
2026-01-29 09:33:24,691 - Knowledge - INFO - [kw17] Queue=207, InProgress=0, PendingWorkers=20/20, Completed=12/327 (3.7%)
2026-01-29 09:33:24,742 - Knowledge - INFO - Batch sizing: calculated=6, max_allowed=10, queue=207, active_workers=20/20
2026-01-29 09:33:24,747 - Knowledge - INFO - Async storing batch of 6 embeddings
2026-01-29 09:33:24,909 - Knowledge - INFO - [kw16] Queue=201, InProgress=0, PendingWorkers=20/20, Completed=12/327 (3.7%)
2026-01-29 09:33:24,953 - Knowledge - INFO - Worker kw17 processing /app/data/T0002/206936/b0193s4/Unvanquished-206936/src/sgame/sg_team.cpp
2026-01-29 09:33:24,981 - Knowledge - INFO - Batch sizing: calculated=6, max_allowed=10, queue=201, active_workers=20/20
2026-01-29 09:33:25,018 - Knowledge - INFO - Worker kw17 processing /app/data/T0002/206936/b0193s4/Unvanquished-206936/src/sgame/sg_cmds.cpp
2026-01-29 09:33:25,104 - Knowledge - INFO - Async storing batch of 6 embeddings
2026-01-29 09:33:25,240 - Knowledge - INFO - Fast-tracked /app/data/T0002/206936/b0193s4/Unvanquished-206936/src/sgame/sg_cmds.cpp (ext=.cpp, size=109446)
2026-01-29 09:33:25,263 - Knowledge - INFO - Worker kw16 processing /app/data/T0002/206936/b0193s4/Unvanquished-206936/src/sgame/sg_map_entity.h
2026-01-29 09:33:25,264 - Knowledge - INFO - Worker kw17 processing /app/data/T0002/206936/b0193s4/Unvanquished-206936/src/sgame/sg_spawn_afx.cpp
2026-01-29 09:33:25,347 - Knowledge - INFO - Worker kw16 processing /app/data/T0002/206936/b0193s4/Unvanquished-206936/src/sgame/sg_client.cpp
2026-01-29 09:33:25,480 - Knowledge - INFO - Worker kw17 processing /app/data/T0002/206936/b0193s4/Unvanquished-206936/src/sgame/sg_spawn_shared.cpp
2026-01-29 09:33:25,642 - Knowledge - INFO - Worker kw17 processing /app/data/T0002/206936/b0193s4/Unvanquished-206936/src/sgame/sg_bot_parse.cpp
2026-01-29 09:33:25,672 - Knowledge - INFO - Worker kw16 processing /app/data/T0002/206936/b0193s4/Unvanquished-206936/src/sgame/sg_trapcalls.h
2026-01-29 09:33:25,746 - Knowledge - INFO - Worker kw17 processing /app/data/T0002/206936/b0193s4/Unvanquished-206936/src/sgame/Beacon.cpp
2026-01-29 09:33:25,798 - Knowledge - INFO - Worker kw16 processing /app/data/T0002/206936/b0193s4/Unvanquished-206936/src/sgame/sg_extern.h
2026-01-29 09:33:25,836 - Knowledge - INFO - Worker kw16 processing /app/data/T0002/206936/b0193s4/Unvanquished-206936/src/sgame/sg_physics.cpp
2026-01-29 09:33:25,905 - Knowledge - INFO - Async storage completed for 6 embeddings
2026-01-29 09:33:25,995 - Knowledge - INFO - Worker kw16 processing /app/data/T0002/206936/b0193s4/Unvanquished-206936/src/sgame/sg_bot_ai.h
2026-01-29 09:33:26,086 - Knowledge - INFO - Async storage completed for 6 embeddings
2026-01-29 09:33:28,388 - Knowledge - INFO - Fast-tracked /app/data/T0002/206936/b0193s4/Unvanquished-206936/src/sgame/sg_trapcalls.h (small file (2349 bytes))
2026-01-29 09:33:32,291 - Knowledge - INFO - [LLM_CALL] Completed: SpawnerComponent.cpp:chunk1, Duration: 17739ms, PromptTokens: 3212, CompletionTokens: 460, Cost: $0.00051
2026-01-29 09:33:32,291 - Knowledge - INFO - done ingest for /app/data/T0002/206936/b0193s4/Unvanquished-206936/src/sgame/components/SpawnerComponent.cpp
2026-01-29 09:33:32,376 - Knowledge - INFO - [LLM_CALL] Completed: ArmorComponent.cpp:chunk1, Duration: 17696ms, PromptTokens: 2700, CompletionTokens: 436, Cost: $0.00044
2026-01-29 09:33:32,404 - Knowledge - INFO - done ingest for /app/data/T0002/206936/b0193s4/Unvanquished-206936/src/sgame/components/ArmorComponent.cpp
2026-01-29 09:33:36,265 - Knowledge - INFO - Processing batch of 6 files
2026-01-29 09:33:36,280 - Knowledge - INFO - process ingested knowledge for /app/data/T0002/206936/b0193s4/Unvanquished-206936/src/sgame/components/RocketpodComponent.h
2026-01-29 09:33:36,281 - Knowledge - INFO - process ingested knowledge for /app/data/T0002/206936/b0193s4/Unvanquished-206936/src/sgame/components/ReactorComponent.cpp
2026-01-29 09:33:36,281 - Knowledge - INFO - process ingested knowledge for /app/data/T0002/206936/b0193s4/Unvanquished-206936/src/sgame/components/SpawnerComponent.cpp
2026-01-29 09:33:36,281 - Knowledge - INFO - process ingested knowledge for /app/data/T0002/206936/b0193s4/Unvanquished-206936/src/sgame/components/EggComponent.h
2026-01-29 09:33:36,282 - Knowledge - INFO - process ingested knowledge for /app/data/T0002/206936/b0193s4/Unvanquished-206936/src/sgame/components/MainBuildableComponent.h
2026-01-29 09:33:36,501 - Knowledge - INFO - process ingested knowledge for /app/data/T0002/206936/b0193s4/Unvanquished-206936/src/sgame/components/BoosterComponent.cpp
2026-01-29 09:33:36,502 - Knowledge - INFO - Processing batch of 6 files
2026-01-29 09:33:36,612 - Knowledge - INFO - process ingested knowledge for /app/data/T0002/206936/b0193s4/Unvanquished-206936/src/sgame/components/HiveComponent.h
2026-01-29 09:33:36,787 - Knowledge - INFO - [LLM_CALL] Completed: AlienBuildableComponent.cpp:chunk1, Duration: 22244ms, PromptTokens: 3178, CompletionTokens: 537, Cost: $0.00053
2026-01-29 09:33:36,866 - Knowledge - INFO - done ingest for /app/data/T0002/206936/b0193s4/Unvanquished-206936/src/sgame/components/AlienBuildableComponent.cpp
2026-01-29 09:33:38,102 - Knowledge - INFO - process ingested knowledge for /app/data/T0002/206936/b0193s4/Unvanquished-206936/src/sgame/components/LeechComponent.cpp
2026-01-29 09:33:38,138 - Knowledge - INFO - process ingested knowledge for /app/data/T0002/206936/b0193s4/Unvanquished-206936/src/sgame/components/AcidTubeComponent.cpp
2026-01-29 09:33:38,168 - Knowledge - INFO - process ingested knowledge for /app/data/T0002/206936/b0193s4/Unvanquished-206936/src/sgame/components/DeferredFreeingComponent.cpp
2026-01-29 09:33:38,169 - Knowledge - INFO - process ingested knowledge for /app/data/T0002/206936/b0193s4/Unvanquished-206936/src/sgame/components/ArmorComponent.cpp
2026-01-29 09:33:38,321 - Knowledge - INFO - process ingested knowledge for /app/data/T0002/206936/b0193s4/Unvanquished-206936/src/sgame/components/ThinkingComponent.h
2026-01-29 09:33:45,516 - Knowledge - INFO - [LLM_CALL] Completed: IgnitableComponent.h:chunk1, Duration: 31043ms, PromptTokens: 2372, CompletionTokens: 431, Cost: $0.00041
2026-01-29 09:33:45,606 - Knowledge - INFO - done ingest for /app/data/T0002/206936/b0193s4/Unvanquished-206936/src/sgame/components/IgnitableComponent.h
2026-01-29 09:33:48,059 - Knowledge - INFO - [LLM_CALL] Completed: MGTurretComponent.cpp:chunk1, Duration: 33477ms, PromptTokens: 3232, CompletionTokens: 687, Cost: $0.00060
2026-01-29 09:33:48,061 - Knowledge - INFO - done ingest for /app/data/T0002/206936/b0193s4/Unvanquished-206936/src/sgame/components/MGTurretComponent.cpp
2026-01-29 09:33:51,189 - Knowledge - INFO - Processing batch of 6 files
2026-01-29 09:33:51,562 - Knowledge - INFO - process ingested knowledge for /app/data/T0002/206936/b0193s4/Unvanquished-206936/src/sgame/components/AlienBuildableComponent.cpp
2026-01-29 09:33:52,459 - Knowledge - INFO - process ingested knowledge for /app/data/T0002/206936/b0193s4/Unvanquished-206936/src/sgame/components/HumanBuildableComponent.cpp
2026-01-29 09:33:54,397 - Knowledge - INFO - process ingested knowledge for /app/data/T0002/206936/b0193s4/Unvanquished-206936/src/sgame/components/SpectatorComponent.cpp
2026-01-29 09:33:54,698 - Knowledge - INFO - [LLM_CALL] Completed: MiningComponent.cpp:chunk1, Duration: 40157ms, PromptTokens: 2474, CompletionTokens: 533, Cost: $0.00046
2026-01-29 09:33:54,698 - Knowledge - INFO - done ingest for /app/data/T0002/206936/b0193s4/Unvanquished-206936/src/sgame/components/MiningComponent.cpp
2026-01-29 09:33:56,168 - Knowledge - INFO - process ingested knowledge for /app/data/T0002/206936/b0193s4/Unvanquished-206936/src/sgame/components/TelenodeComponent.h
2026-01-29 09:33:56,194 - Knowledge - INFO - [WEBSOCKET] Sent: Type=progress_update, Size: 287, Duration: 0ms
2026-01-29 09:33:56,255 - Knowledge - INFO - [WEBSOCKET] Sent: Type=unknown, Size: ?, Duration: 62ms
2026-01-29 09:33:56,255 - Knowledge - INFO - Progress: 10.1% | Files: 33/327 | Rate: 0.76 files/sec | Queue: 195
2026-01-29 09:33:56,270 - Knowledge - INFO - process ingested knowledge for /app/data/T0002/206936/b0193s4/Unvanquished-206936/src/sgame/components/ReactorComponent.h
2026-01-29 09:33:56,276 - Knowledge - INFO - [kw6] Queue=195, InProgress=0, PendingWorkers=20/20, Completed=33/327 (10.1%)
2026-01-29 09:33:56,281 - Knowledge - INFO - process ingested knowledge for /app/data/T0002/206936/b0193s4/Unvanquished-206936/src/sgame/components/SpawnerComponent.h
2026-01-29 09:33:56,536 - Knowledge - INFO - [kw14] Queue=195, InProgress=0, PendingWorkers=20/20, Completed=33/327 (10.1%)
2026-01-29 09:33:56,719 - Knowledge - INFO - Batch sizing: calculated=5, max_allowed=10, queue=195, active_workers=20/20
2026-01-29 09:33:56,803 - Knowledge - INFO - Batch sizing: calculated=5, max_allowed=10, queue=195, active_workers=20/20
2026-01-29 09:33:58,230 - Knowledge - INFO - Async storing batch of 6 embeddings
2026-01-29 09:33:58,278 - Knowledge - INFO - Worker kw6 processing /app/data/T0002/206936/b0193s4/Unvanquished-206936/src/sgame/sg_bot_skilltree.cpp
2026-01-29 09:33:58,304 - Knowledge - INFO - Async storing batch of 6 embeddings
2026-01-29 09:33:58,389 - Knowledge - INFO - [LLM_CALL] Completed: OvermindComponent.cpp:chunk1, Duration: 43846ms, PromptTokens: 2584, CompletionTokens: 597, Cost: $0.00050
2026-01-29 09:33:58,456 - Knowledge - INFO - Worker kw14 processing /app/data/T0002/206936/b0193s4/Unvanquished-206936/src/sgame/CBSE.h
2026-01-29 09:33:58,500 - Knowledge - INFO - Worker kw6 processing /app/data/T0002/206936/b0193s4/Unvanquished-206936/src/sgame/sg_namelog.cpp
2026-01-29 09:33:58,564 - Knowledge - INFO - done ingest for /app/data/T0002/206936/b0193s4/Unvanquished-206936/src/sgame/components/OvermindComponent.cpp
2026-01-29 09:33:58,853 - Knowledge - INFO - Fast-tracked /app/data/T0002/206936/b0193s4/Unvanquished-206936/src/sgame/CBSE.h (ext=.h, size=951)
2026-01-29 09:33:58,937 - Knowledge - INFO - Worker kw6 processing /app/data/T0002/206936/b0193s4/Unvanquished-206936/src/sgame/sg_admin.cpp
2026-01-29 09:33:59,000 - Knowledge - INFO - Worker kw14 processing /app/data/T0002/206936/b0193s4/Unvanquished-206936/src/sgame/sg_definitions.h
2026-01-29 09:33:59,242 - Knowledge - INFO - Fast-tracked /app/data/T0002/206936/b0193s4/Unvanquished-206936/src/sgame/sg_admin.cpp (ext=.cpp, size=161830)
2026-01-29 09:33:59,291 - Knowledge - INFO - Worker kw14 processing /app/data/T0002/206936/b0193s4/Unvanquished-206936/src/sgame/sg_votes.cpp
2026-01-29 09:33:59,318 - Knowledge - INFO - [LLM_CALL] Completed: IgnitableComponent.cpp:chunk1, Duration: 44622ms, PromptTokens: 4898, CompletionTokens: 509, Cost: $0.00069
2026-01-29 09:33:59,349 - Knowledge - INFO - Worker kw6 processing /app/data/T0002/206936/b0193s4/Unvanquished-206936/src/sgame/sg_spawn.cpp
2026-01-29 09:33:59,483 - Knowledge - INFO - done ingest for /app/data/T0002/206936/b0193s4/Unvanquished-206936/src/sgame/components/IgnitableComponent.cpp
2026-01-29 09:33:59,486 - Knowledge - INFO - [LLM_CALL] Completed: MedipadComponent.cpp:chunk1, Duration: 45106ms, PromptTokens: 3600, CompletionTokens: 481, Cost: $0.00055
2026-01-29 09:33:59,538 - Knowledge - INFO - Worker kw14 processing /app/data/T0002/206936/b0193s4/Unvanquished-206936/src/sgame/sg_spawn_mover.cpp
2026-01-29 09:33:59,588 - Knowledge - INFO - done ingest for /app/data/T0002/206936/b0193s4/Unvanquished-206936/src/sgame/components/MedipadComponent.cpp
2026-01-29 09:33:59,609 - Knowledge - INFO - Worker kw6 processing /app/data/T0002/206936/b0193s4/Unvanquished-206936/src/sgame/sg_bot_nav.cpp
2026-01-29 09:33:59,743 - Knowledge - INFO - Worker kw14 processing /app/data/T0002/206936/b0193s4/Unvanquished-206936/src/sgame/sg_utils.cpp
2026-01-29 09:34:00,098 - Knowledge - INFO - Processing batch of 6 files
2026-01-29 09:34:00,098 - Knowledge - INFO - process ingested knowledge for /app/data/T0002/206936/b0193s4/Unvanquished-206936/src/sgame/components/HiveMissileComponent.cpp
2026-01-29 09:34:00,145 - Knowledge - INFO - Fast-tracked /app/data/T0002/206936/b0193s4/Unvanquished-206936/src/sgame/sg_definitions.h (small file (2866 bytes))
2026-01-29 09:34:00,779 - Knowledge - INFO - process ingested knowledge for /app/data/T0002/206936/b0193s4/Unvanquished-206936/src/sgame/components/AlienBuildableComponent.h
2026-01-29 09:34:00,801 - Knowledge - INFO - process ingested knowledge for /app/data/T0002/206936/b0193s4/Unvanquished-206936/src/sgame/components/HumanBuildableComponent.h
2026-01-29 09:34:00,815 - Knowledge - INFO - process ingested knowledge for /app/data/T0002/206936/b0193s4/Unvanquished-206936/src/sgame/components/MGTurretComponent.cpp
2026-01-29 09:34:00,819 - Knowledge - INFO - Split /app/data/T0002/206936/b0193s4/Unvanquished-206936/src/sgame/sg_spawn_mover.cpp (75619 bytes) into 3 chunks of ~32KB
2026-01-29 09:34:00,868 - Knowledge - INFO - process ingested knowledge for /app/data/T0002/206936/b0193s4/Unvanquished-206936/src/sgame/components/SpectatorComponent.h
2026-01-29 09:34:01,578 - Knowledge - INFO - [LLM_CALL] Completed: HealthComponent.cpp:chunk1, Duration: 47124ms, PromptTokens: 6144, CompletionTokens: 604, Cost: $0.00086
2026-01-29 09:34:01,578 - Knowledge - INFO - done ingest for /app/data/T0002/206936/b0193s4/Unvanquished-206936/src/sgame/components/HealthComponent.cpp
2026-01-29 09:34:01,588 - Knowledge - INFO - Async storage completed for 6 embeddings
2026-01-29 09:34:01,652 - Knowledge - INFO - Async storage completed for 6 embeddings
2026-01-29 09:34:01,873 - Knowledge - INFO - process ingested knowledge for /app/data/T0002/206936/b0193s4/Unvanquished-206936/src/sgame/components/BarricadeComponent.cpp
2026-01-29 09:34:02,795 - Knowledge - INFO - [LLM_CALL] Completed: BuildableComponent.cpp:chunk1, Duration: 48307ms, PromptTokens: 3866, CompletionTokens: 649, Cost: $0.00065
2026-01-29 09:34:02,795 - Knowledge - INFO - done ingest for /app/data/T0002/206936/b0193s4/Unvanquished-206936/src/sgame/components/BuildableComponent.cpp
2026-01-29 09:34:07,351 - Knowledge - INFO - [WEBSOCKET] Sent: Type=progress_update, Size: 289, Duration: 0ms
2026-01-29 09:34:08,138 - Knowledge - INFO - [WEBSOCKET] Sent: Type=unknown, Size: ?, Duration: 787ms
2026-01-29 09:34:08,153 - Knowledge - INFO - Progress: 14.1% | Files: 47/327 | Rate: 0.86 files/sec | Queue: 185
2026-01-29 09:34:08,336 - Knowledge - INFO - [kw13] Queue=185, InProgress=0, PendingWorkers=20/20, Completed=49/327 (15.0%)
2026-01-29 09:34:08,407 - Knowledge - INFO - Batch sizing: calculated=5, max_allowed=10, queue=185, active_workers=20/20
2026-01-29 09:34:08,689 - Knowledge - INFO - Processing batch of 6 files
2026-01-29 09:34:08,690 - Knowledge - INFO - process ingested knowledge for /app/data/T0002/206936/b0193s4/Unvanquished-206936/src/sgame/components/DrillComponent.h
2026-01-29 09:34:09,369 - Knowledge - INFO - Async storing batch of 6 embeddings
2026-01-29 09:34:09,387 - Knowledge - INFO - Worker kw13 processing /app/data/T0002/206936/b0193s4/Unvanquished-206936/src/sgame/Entities.h
2026-01-29 09:34:09,504 - Knowledge - INFO - process ingested knowledge for /app/data/T0002/206936/b0193s4/Unvanquished-206936/src/sgame/components/KnockbackComponent.h
2026-01-29 09:34:09,537 - Knowledge - INFO - Worker kw13 processing /app/data/T0002/206936/b0193s4/Unvanquished-206936/src/sgame/sg_spawn_ctrl.cpp
2026-01-29 09:34:09,670 - Knowledge - INFO - Worker kw13 processing /app/data/T0002/206936/b0193s4/Unvanquished-206936/src/sgame/sg_buildpoints.cpp
2026-01-29 09:34:09,803 - Knowledge - INFO - Worker kw13 processing /app/data/T0002/206936/b0193s4/Unvanquished-206936/src/sgame/sg_spawn_position.cpp
2026-01-29 09:34:09,896 - Knowledge - INFO - Worker kw13 processing /app/data/T0002/206936/b0193s4/Unvanquished-206936/src/sgame/sg_spawn_gfx.cpp
2026-01-29 09:34:10,986 - Knowledge - INFO - process ingested knowledge for /app/data/T0002/206936/b0193s4/Unvanquished-206936/src/sgame/components/ThinkingComponent.cpp
2026-01-29 09:34:11,290 - Knowledge - INFO - process ingested knowledge for /app/data/T0002/206936/b0193s4/Unvanquished-206936/src/sgame/components/IgnitableComponent.h
2026-01-29 09:34:11,339 - Knowledge - INFO - process ingested knowledge for /app/data/T0002/206936/b0193s4/Unvanquished-206936/src/sgame/components/OvermindComponent.cpp
2026-01-29 09:34:11,369 - Knowledge - INFO - process ingested knowledge for /app/data/T0002/206936/b0193s4/Unvanquished-206936/src/sgame/components/ClientComponent.h
2026-01-29 09:34:11,743 - Knowledge - INFO - Fast-tracked /app/data/T0002/206936/b0193s4/Unvanquished-206936/src/sgame/sg_spawn_position.cpp (small file (2924 bytes))
2026-01-29 09:34:11,816 - Knowledge - INFO - Processing batch of 6 files
2026-01-29 09:34:12,065 - Knowledge - INFO - process ingested knowledge for /app/data/T0002/206936/b0193s4/Unvanquished-206936/src/sgame/components/AcidTubeComponent.h
2026-01-29 09:34:12,595 - Knowledge - INFO - Async storage completed for 6 embeddings
2026-01-29 09:34:13,749 - Knowledge - INFO - [LLM_CALL] Completed: BuildableComponent.h:chunk1, Duration: 59087ms, PromptTokens: 2524, CompletionTokens: 885, Cost: $0.00061
2026-01-29 09:34:13,879 - Knowledge - INFO - done ingest for /app/data/T0002/206936/b0193s4/Unvanquished-206936/src/sgame/components/BuildableComponent.h
2026-01-29 09:34:14,159 - Knowledge - INFO - process ingested knowledge for /app/data/T0002/206936/b0193s4/Unvanquished-206936/src/sgame/components/DeferredFreeingComponent.h
2026-01-29 09:34:15,575 - Knowledge - INFO - process ingested knowledge for /app/data/T0002/206936/b0193s4/Unvanquished-206936/src/sgame/components/HealthComponent.cpp
2026-01-29 09:34:15,649 - Knowledge - INFO - [WEBSOCKET] Sent: Type=progress_update, Size: 289, Duration: 0ms
2026-01-29 09:34:15,704 - Knowledge - INFO - process ingested knowledge for /app/data/T0002/206936/b0193s4/Unvanquished-206936/src/sgame/components/ArmorComponent.h
2026-01-29 09:34:15,838 - Knowledge - INFO - [WEBSOCKET] Sent: Type=unknown, Size: ?, Duration: 189ms
2026-01-29 09:34:15,905 - Knowledge - INFO - process ingested knowledge for /app/data/T0002/206936/b0193s4/Unvanquished-206936/src/sgame/components/BarricadeComponent.h
2026-01-29 09:34:16,072 - Knowledge - INFO - Progress: 16.8% | Files: 55/327 | Rate: 0.87 files/sec | Queue: 180
2026-01-29 09:34:16,097 - Knowledge - INFO - Processing batch of 6 files
2026-01-29 09:34:16,447 - Knowledge - INFO - process ingested knowledge for /app/data/T0002/206936/b0193s4/Unvanquished-206936/src/sgame/components/ArmouryComponent.h
2026-01-29 09:34:17,698 - Knowledge - INFO - process ingested knowledge for /app/data/T0002/206936/b0193s4/Unvanquished-206936/src/sgame/components/MiningComponent.cpp
2026-01-29 09:34:17,751 - Knowledge - INFO - [LLM_CALL] Completed: TurretComponent.h:chunk1, Duration: 62986ms, PromptTokens: 2904, CompletionTokens: 878, Cost: $0.00064
2026-01-29 09:34:17,947 - Knowledge - INFO - process ingested knowledge for /app/data/T0002/206936/b0193s4/Unvanquished-206936/src/sgame/components/AlienClassComponent.h
2026-01-29 09:34:18,065 - Knowledge - INFO - done ingest for /app/data/T0002/206936/b0193s4/Unvanquished-206936/src/sgame/components/TurretComponent.h
2026-01-29 09:34:18,066 - Knowledge - INFO - [kw12] Queue=180, InProgress=0, PendingWorkers=20/20, Completed=56/327 (17.1%)
2026-01-29 09:34:18,178 - Knowledge - INFO - process ingested knowledge for /app/data/T0002/206936/b0193s4/Unvanquished-206936/src/sgame/components/HumanClassComponent.h
2026-01-29 09:34:18,299 - Knowledge - INFO - Batch sizing: calculated=5, max_allowed=10, queue=180, active_workers=20/20
2026-01-29 09:34:21,058 - Knowledge - INFO - process ingested knowledge for /app/data/T0002/206936/b0193s4/Unvanquished-206936/src/sgame/components/MedipadComponent.cpp
2026-01-29 09:34:22,965 - Knowledge - INFO - Async storing batch of 6 embeddings
2026-01-29 09:34:23,003 - Knowledge - INFO - Worker kw12 processing /app/data/T0002/206936/b0193s4/Unvanquished-206936/src/sgame/CustomSurfaceFlags.h
2026-01-29 09:34:23,318 - Knowledge - INFO - Worker kw12 processing /app/data/T0002/206936/b0193s4/Unvanquished-206936/src/sgame/sg_bot.cpp
2026-01-29 09:34:23,775 - Knowledge - INFO - Worker kw12 processing /app/data/T0002/206936/b0193s4/Unvanquished-206936/src/sgame/sg_spawn_generic.cpp
2026-01-29 09:34:23,943 - Knowledge - INFO - Worker kw12 processing /app/data/T0002/206936/b0193s4/Unvanquished-206936/src/sgame/sg_entities.cpp
2026-01-29 09:34:24,285 - Knowledge - INFO - Worker kw12 processing /app/data/T0002/206936/b0193s4/Unvanquished-206936/src/sgame/sg_main.cpp
2026-01-29 09:34:24,452 - Knowledge - INFO - process ingested knowledge for /app/data/T0002/206936/b0193s4/Unvanquished-206936/src/sgame/components/BuildableComponent.cpp
2026-01-29 09:34:24,662 - Knowledge - INFO - Fast-tracked /app/data/T0002/206936/b0193s4/Unvanquished-206936/src/sgame/CustomSurfaceFlags.h (small file (2243 bytes))
2026-01-29 09:34:25,156 - Knowledge - INFO - [LLM_CALL] Completed: sg_spawn_game.cpp:chunk1, Duration: 71012ms, PromptTokens: 2654, CompletionTokens: 576, Cost: $0.00050
2026-01-29 09:34:25,295 - Knowledge - INFO - done ingest for /app/data/T0002/206936/b0193s4/Unvanquished-206936/src/sgame/sg_spawn_game.cpp
2026-01-29 09:34:26,996 - Knowledge - INFO - process ingested knowledge for /app/data/T0002/206936/b0193s4/Unvanquished-206936/src/sgame/components/TelenodeComponent.cpp
2026-01-29 09:34:27,874 - Knowledge - INFO - Split /app/data/T0002/206936/b0193s4/Unvanquished-206936/src/sgame/sg_main.cpp (70390 bytes) into 3 chunks of ~32KB
2026-01-29 09:34:29,109 - Knowledge - INFO - Async storage completed for 6 embeddings
2026-01-29 09:34:29,683 - Knowledge - INFO - [LLM_CALL] Completed: RocketpodComponent.cpp:chunk1, Duration: 74887ms, PromptTokens: 6438, CompletionTokens: 895, Cost: $0.00100
2026-01-29 09:34:29,719 - Knowledge - INFO - done ingest for /app/data/T0002/206936/b0193s4/Unvanquished-206936/src/sgame/components/RocketpodComponent.cpp
2026-01-29 09:34:31,907 - Knowledge - INFO - Processing batch of 6 files
2026-01-29 09:34:32,047 - Knowledge - INFO - process ingested knowledge for /app/data/T0002/206936/b0193s4/Unvanquished-206936/src/sgame/components/OvermindComponent.h
2026-01-29 09:34:32,521 - Knowledge - INFO - [LLM_CALL] Completed: sg_spawn_fx.cpp:chunk1, Duration: 78934ms, PromptTokens: 3532, CompletionTokens: 381, Cost: $0.00051
2026-01-29 09:34:32,611 - Knowledge - INFO - done ingest for /app/data/T0002/206936/b0193s4/Unvanquished-206936/src/sgame/sg_spawn_fx.cpp
2026-01-29 09:34:34,368 - Knowledge - INFO - [LLM_CALL] Completed: sg_struct.h:chunk1, Duration: 80410ms, PromptTokens: 11252, CompletionTokens: 418, Cost: $0.00129
2026-01-29 09:34:34,481 - Knowledge - INFO - done ingest for /app/data/T0002/206936/b0193s4/Unvanquished-206936/src/sgame/sg_struct.h
2026-01-29 09:34:35,136 - Knowledge - INFO - process ingested knowledge for /app/data/T0002/206936/b0193s4/Unvanquished-206936/src/sgame/components/BuildableComponent.h
2026-01-29 09:34:35,173 - Knowledge - INFO - [kw7] Queue=175, InProgress=0, PendingWorkers=20/20, Completed=61/327 (18.7%)
2026-01-29 09:34:35,581 - Knowledge - INFO - Batch sizing: calculated=5, max_allowed=10, queue=175, active_workers=20/20
2026-01-29 09:34:35,958 - Knowledge - INFO - [LLM_CALL] Completed: sg_physics.cpp:chunk1, Duration: 65463ms, PromptTokens: 3534, CompletionTokens: 387, Cost: $0.00051
2026-01-29 09:34:35,984 - Knowledge - INFO - done ingest for /app/data/T0002/206936/b0193s4/Unvanquished-206936/src/sgame/sg_physics.cpp
2026-01-29 09:34:36,756 - Knowledge - INFO - process ingested knowledge for /app/data/T0002/206936/b0193s4/Unvanquished-206936/src/sgame/components/MainBuildableComponent.cpp
2026-01-29 09:34:36,762 - Knowledge - INFO - Async storing batch of 6 embeddings
2026-01-29 09:34:36,848 - Knowledge - INFO - Worker kw7 processing /app/data/T0002/206936/b0193s4/Unvanquished-206936/src/cgame/cg_gameinfo.cpp
2026-01-29 09:34:36,899 - Knowledge - INFO - Worker kw7 processing /app/data/T0002/206936/b0193s4/Unvanquished-206936/src/cgame/translation.cpp
2026-01-29 09:34:37,364 - Knowledge - INFO - Worker kw7 processing /app/data/T0002/206936/b0193s4/Unvanquished-206936/src/cgame/cg_key_name.h
2026-01-29 09:34:37,486 - Knowledge - INFO - Fast-tracked /app/data/T0002/206936/b0193s4/Unvanquished-206936/src/cgame/cg_key_name.h (ext=.h, size=1102)
2026-01-29 09:34:37,511 - Knowledge - INFO - Worker kw7 processing /app/data/T0002/206936/b0193s4/Unvanquished-206936/src/cgame/cg_draw.cpp
2026-01-29 09:34:37,690 - Knowledge - INFO - Worker kw7 processing /app/data/T0002/206936/b0193s4/Unvanquished-206936/src/cgame/rocket/rocketConsoleTextElement.h
2026-01-29 09:34:38,358 - Knowledge - INFO - process ingested knowledge for /app/data/T0002/206936/b0193s4/Unvanquished-206936/src/sgame/components/MedipadComponent.h
2026-01-29 09:34:39,810 - Knowledge - INFO - process ingested knowledge for /app/data/T0002/206936/b0193s4/Unvanquished-206936/src/sgame/components/IgnitableComponent.cpp
2026-01-29 09:34:39,867 - Knowledge - INFO - [WEBSOCKET] Sent: Type=progress_update, Size: 290, Duration: 0ms
2026-01-29 09:34:39,995 - Knowledge - INFO - [WEBSOCKET] Sent: Type=unknown, Size: ?, Duration: 129ms
2026-01-29 09:34:39,996 - Knowledge - INFO - Progress: 19.3% | Files: 63/327 | Rate: 0.72 files/sec | Queue: 170
2026-01-29 09:34:40,093 - Knowledge - INFO - process ingested knowledge for /app/data/T0002/206936/b0193s4/Unvanquished-206936/src/sgame/components/ArmouryComponent.cpp
2026-01-29 09:34:40,113 - Knowledge - INFO - Async storage completed for 6 embeddings
2026-01-29 09:34:40,181 - Knowledge - INFO - [kw11] Queue=170, InProgress=0, PendingWorkers=20/20, Completed=64/327 (19.6%)
2026-01-29 09:34:40,273 - Knowledge - INFO - Batch sizing: calculated=5, max_allowed=10, queue=170, active_workers=20/20
2026-01-29 09:34:41,978 - Knowledge - INFO - Async storing batch of 6 embeddings
2026-01-29 09:34:41,984 - Knowledge - INFO - Worker kw11 processing /app/data/T0002/206936/b0193s4/Unvanquished-206936/src/cgame/rocket/rocketProgressBar.h
2026-01-29 09:34:42,341 - Knowledge - INFO - Worker kw11 processing /app/data/T0002/206936/b0193s4/Unvanquished-206936/src/cgame/rocket/rocketDataSelect.h
2026-01-29 09:34:42,483 - Knowledge - INFO - [LLM_CALL] Completed: BaseClustering.cpp:chunk1, Duration: 88408ms, PromptTokens: 4532, CompletionTokens: 521, Cost: $0.00066
2026-01-29 09:34:42,554 - Knowledge - INFO - done ingest for /app/data/T0002/206936/b0193s4/Unvanquished-206936/src/sgame/BaseClustering.cpp
2026-01-29 09:34:42,600 - Knowledge - INFO - Worker kw11 processing /app/data/T0002/206936/b0193s4/Unvanquished-206936/src/cgame/rocket/rocket_datagrid.cpp
2026-01-29 09:34:42,806 - Knowledge - INFO - [LLM_CALL] Completed: HiveComponent.cpp:chunk1, Duration: 88425ms, PromptTokens: 2770, CompletionTokens: 584, Cost: $0.00051
2026-01-29 09:34:42,807 - Knowledge - INFO - done ingest for /app/data/T0002/206936/b0193s4/Unvanquished-206936/src/sgame/components/HiveComponent.cpp
2026-01-29 09:34:42,948 - Knowledge - INFO - Worker kw11 processing /app/data/T0002/206936/b0193s4/Unvanquished-206936/src/cgame/rocket/rocketElement.h
2026-01-29 09:34:43,265 - Knowledge - INFO - Worker kw11 processing /app/data/T0002/206936/b0193s4/Unvanquished-206936/src/cgame/rocket/rocket_keys.cpp
2026-01-29 09:34:43,574 - Knowledge - INFO - Fast-tracked /app/data/T0002/206936/b0193s4/Unvanquished-206936/src/cgame/rocket/rocketProgressBar.h (small file (2459 bytes))
2026-01-29 09:34:44,885 - Knowledge - INFO - Processing batch of 6 files
2026-01-29 09:34:44,885 - Knowledge - INFO - process ingested knowledge for /app/data/T0002/206936/b0193s4/Unvanquished-206936/src/sgame/components/RocketMissileComponent.h
2026-01-29 09:34:46,009 - Knowledge - INFO - process ingested knowledge for /app/data/T0002/206936/b0193s4/Unvanquished-206936/src/sgame/components/SpikerComponent.h
2026-01-29 09:34:47,404 - Knowledge - INFO - process ingested knowledge for /app/data/T0002/206936/b0193s4/Unvanquished-206936/src/sgame/components/MissileComponent.h
2026-01-29 09:34:47,550 - Knowledge - INFO - [LLM_CALL] Completed: bot_debug.cpp:chunk1, Duration: 94056ms, PromptTokens: 2972, CompletionTokens: 462, Cost: $0.00048
2026-01-29 09:34:47,769 - Knowledge - INFO - done ingest for /app/data/T0002/206936/b0193s4/Unvanquished-206936/src/sgame/botlib/bot_debug.cpp
2026-01-29 09:34:47,884 - Knowledge - INFO - Async storage completed for 6 embeddings
2026-01-29 09:34:48,473 - Knowledge - INFO - process ingested knowledge for /app/data/T0002/206936/b0193s4/Unvanquished-206936/src/sgame/components/TurretComponent.h
2026-01-29 09:34:50,854 - Knowledge - INFO - process ingested knowledge for /app/data/T0002/206936/b0193s4/Unvanquished-206936/src/sgame/components/RocketpodComponent.cpp
2026-01-29 09:34:51,064 - Knowledge - INFO - [kw9] Queue=165, InProgress=0, PendingWorkers=20/20, Completed=66/327 (20.2%)
2026-01-29 09:34:51,065 - Knowledge - INFO - Batch sizing: calculated=5, max_allowed=10, queue=165, active_workers=20/20
2026-01-29 09:34:51,088 - Knowledge - INFO - process ingested knowledge for /app/data/T0002/206936/b0193s4/Unvanquished-206936/src/sgame/components/HealthComponent.h
2026-01-29 09:34:51,189 - Knowledge - INFO - Async storing batch of 6 embeddings
2026-01-29 09:34:51,608 - Knowledge - INFO - Worker kw9 processing /app/data/T0002/206936/b0193s4/Unvanquished-206936/src/cgame/rocket/rocketIncludeElement.h
2026-01-29 09:34:51,850 - Knowledge - INFO - Worker kw9 processing /app/data/T0002/206936/b0193s4/Unvanquished-206936/src/cgame/rocket/rocketConditionalElement.h
2026-01-29 09:34:52,040 - Knowledge - INFO - Worker kw9 processing /app/data/T0002/206936/b0193s4/Unvanquished-206936/src/cgame/rocket/rocketDataFormatter.h
2026-01-29 09:34:52,382 - Knowledge - INFO - Worker kw9 processing /app/data/T0002/206936/b0193s4/Unvanquished-206936/src/cgame/rocket/rocket_element.cpp
2026-01-29 09:34:52,419 - Knowledge - INFO - Worker kw9 processing /app/data/T0002/206936/b0193s4/Unvanquished-206936/src/cgame/rocket/rocketSelectableDataGrid.h
2026-01-29 09:34:52,764 - Knowledge - INFO - Fast-tracked /app/data/T0002/206936/b0193s4/Unvanquished-206936/src/cgame/rocket/rocketIncludeElement.h (small file (2351 bytes))
2026-01-29 09:34:53,743 - Knowledge - INFO - Fast-tracked /app/data/T0002/206936/b0193s4/Unvanquished-206936/src/cgame/rocket/rocketDataFormatter.h (small file (2267 bytes))
2026-01-29 09:34:54,202 - Knowledge - INFO - [LLM_CALL] Completed: sg_map_entity.h:chunk1, Duration: 87661ms, PromptTokens: 4404, CompletionTokens: 299, Cost: $0.00056
2026-01-29 09:34:54,282 - Knowledge - INFO - done ingest for /app/data/T0002/206936/b0193s4/Unvanquished-206936/src/sgame/sg_map_entity.h
2026-01-29 09:34:54,392 - Knowledge - INFO - [LLM_CALL] Completed: Entities.h:chunk1, Duration: 44082ms, PromptTokens: 2478, CompletionTokens: 757, Cost: $0.00055
2026-01-29 09:34:54,412 - Knowledge - INFO - done ingest for /app/data/T0002/206936/b0193s4/Unvanquished-206936/src/sgame/Entities.h
2026-01-29 09:34:55,014 - Knowledge - INFO - [LLM_CALL] Completed: MissileComponent.cpp:chunk1, Duration: 100628ms, PromptTokens: 3830, CompletionTokens: 497, Cost: $0.00058
2026-01-29 09:34:55,014 - Knowledge - INFO - done ingest for /app/data/T0002/206936/b0193s4/Unvanquished-206936/src/sgame/components/MissileComponent.cpp
2026-01-29 09:34:55,486 - Knowledge - INFO - Async storage completed for 6 embeddings
2026-01-29 09:34:56,061 - Knowledge - INFO - [LLM_CALL] Completed: Interpreter.cpp:chunk1, Duration: 101787ms, PromptTokens: 4250, CompletionTokens: 879, Cost: $0.00078
2026-01-29 09:34:56,061 - Knowledge - INFO - done ingest for /app/data/T0002/206936/b0193s4/Unvanquished-206936/src/sgame/lua/Interpreter.cpp
2026-01-29 09:34:56,864 - Knowledge - INFO - [kw15] Queue=160, InProgress=0, PendingWorkers=20/20, Completed=66/327 (20.2%)
2026-01-29 09:34:56,864 - Knowledge - INFO - Batch sizing: calculated=5, max_allowed=10, queue=160, active_workers=20/20
2026-01-29 09:34:56,917 - Knowledge - INFO - [LLM_CALL] Completed: RocketMissileComponent.cpp:chunk1, Duration: 102619ms, PromptTokens: 2286, CompletionTokens: 371, Cost: $0.00038
2026-01-29 09:34:57,245 - Knowledge - INFO - done ingest for /app/data/T0002/206936/b0193s4/Unvanquished-206936/src/sgame/components/RocketMissileComponent.cpp
2026-01-29 09:34:57,405 - Knowledge - INFO - Async storing batch of 6 embeddings
2026-01-29 09:34:57,449 - Knowledge - INFO - Worker kw15 processing /app/data/T0002/206936/b0193s4/Unvanquished-206936/src/cgame/rocket/lua/Events.cpp
2026-01-29 09:34:57,612 - Knowledge - INFO - Worker kw15 processing /app/data/T0002/206936/b0193s4/Unvanquished-206936/src/cgame/rocket/lua/Player.cpp
2026-01-29 09:34:57,760 - Knowledge - INFO - Worker kw15 processing /app/data/T0002/206936/b0193s4/Unvanquished-206936/src/cgame/rocket/lua/register_lua_extensions.h
2026-01-29 09:34:57,985 - Knowledge - INFO - Fast-tracked /app/data/T0002/206936/b0193s4/Unvanquished-206936/src/cgame/rocket/lua/register_lua_extensions.h (ext=.h, size=1826)
2026-01-29 09:34:58,010 - Knowledge - INFO - Worker kw15 processing /app/data/T0002/206936/b0193s4/Unvanquished-206936/src/cgame/rocket/lua/CDataSource.cpp
2026-01-29 09:34:58,157 - Knowledge - INFO - Worker kw15 processing /app/data/T0002/206936/b0193s4/Unvanquished-206936/src/cgame/rocket/rocketChatField.h
2026-01-29 09:34:58,287 - Knowledge - INFO - Fast-tracked /app/data/T0002/206936/b0193s4/Unvanquished-206936/src/cgame/rocket/lua/Events.cpp (small file (2624 bytes))
2026-01-29 09:34:59,645 - Knowledge - INFO - [LLM_CALL] Completed: TrapperComponent.cpp:chunk1, Duration: 105369ms, PromptTokens: 3760, CompletionTokens: 473, Cost: $0.00057
2026-01-29 09:34:59,758 - Knowledge - INFO - done ingest for /app/data/T0002/206936/b0193s4/Unvanquished-206936/src/sgame/components/TrapperComponent.cpp
2026-01-29 09:35:00,312 - Knowledge - INFO - Async storage completed for 6 embeddings
2026-01-29 09:35:01,652 - Knowledge - INFO - [LLM_CALL] Completed: bot_nav.cpp:chunk1, Duration: 108097ms, PromptTokens: 9394, CompletionTokens: 846, Cost: $0.00128
2026-01-29 09:35:01,657 - Knowledge - INFO - done ingest for /app/data/T0002/206936/b0193s4/Unvanquished-206936/src/sgame/botlib/bot_nav.cpp
2026-01-29 09:35:02,377 - Knowledge - INFO - [LLM_CALL] Completed: bot_load.cpp:chunk1, Duration: 108934ms, PromptTokens: 8858, CompletionTokens: 808, Cost: $0.00121
2026-01-29 09:35:02,486 - Knowledge - INFO - done ingest for /app/data/T0002/206936/b0193s4/Unvanquished-206936/src/sgame/botlib/bot_load.cpp
2026-01-29 09:35:04,720 - Knowledge - INFO - [kw18] Queue=155, InProgress=0, PendingWorkers=20/20, Completed=66/327 (20.2%)
2026-01-29 09:35:04,887 - Knowledge - INFO - Batch sizing: calculated=5, max_allowed=10, queue=155, active_workers=20/20
2026-01-29 09:35:05,009 - Knowledge - INFO - Async storing batch of 6 embeddings
2026-01-29 09:35:05,071 - Knowledge - INFO - Worker kw18 processing /app/data/T0002/206936/b0193s4/Unvanquished-206936/src/cgame/rocket/rocket_documents.cpp
2026-01-29 09:35:05,176 - Knowledge - INFO - Worker kw18 processing /app/data/T0002/206936/b0193s4/Unvanquished-206936/src/cgame/rocket/rocket_dataformatter.cpp
2026-01-29 09:35:05,298 - Knowledge - INFO - Worker kw18 processing /app/data/T0002/206936/b0193s4/Unvanquished-206936/src/cgame/rocket/rocket.h
2026-01-29 09:35:05,511 - Knowledge - INFO - [LLM_CALL] Completed: sg_session.cpp:chunk1, Duration: 110707ms, PromptTokens: 2432, CompletionTokens: 379, Cost: $0.00039
2026-01-29 09:35:05,511 - Knowledge - INFO - Worker kw18 processing /app/data/T0002/206936/b0193s4/Unvanquished-206936/src/cgame/rocket/rocketDataGrid.h
2026-01-29 09:35:05,620 - Knowledge - INFO - done ingest for /app/data/T0002/206936/b0193s4/Unvanquished-206936/src/sgame/sg_session.cpp
2026-01-29 09:35:05,698 - Knowledge - INFO - Worker kw18 processing /app/data/T0002/206936/b0193s4/Unvanquished-206936/src/cgame/rocket/rocketFocusManager.h
2026-01-29 09:35:07,288 - Knowledge - INFO - Fast-tracked /app/data/T0002/206936/b0193s4/Unvanquished-206936/src/cgame/rocket/rocket_dataformatter.cpp (small file (2341 bytes))
2026-01-29 09:35:08,216 - Knowledge - INFO - Fast-tracked /app/data/T0002/206936/b0193s4/Unvanquished-206936/src/cgame/rocket/rocketDataGrid.h (small file (2929 bytes))
2026-01-29 09:35:09,259 - Knowledge - INFO - Async storage completed for 6 embeddings
2026-01-29 09:35:11,808 - Knowledge - INFO - [LLM_CALL] Completed: Entities.cpp:chunk1, Duration: 116999ms, PromptTokens: 3560, CompletionTokens: 715, Cost: $0.00064
2026-01-29 09:35:11,809 - Knowledge - INFO - done ingest for /app/data/T0002/206936/b0193s4/Unvanquished-206936/src/sgame/Entities.cpp
2026-01-29 09:35:14,041 - Knowledge - INFO - [LLM_CALL] Completed: sg_namelog.cpp:chunk1, Duration: 73669ms, PromptTokens: 2962, CompletionTokens: 511, Cost: $0.00050
2026-01-29 09:35:14,204 - Knowledge - INFO - done ingest for /app/data/T0002/206936/b0193s4/Unvanquished-206936/src/sgame/sg_namelog.cpp
2026-01-29 09:35:16,210 - Knowledge - INFO - [LLM_CALL] Completed: bot_local.h:chunk1, Duration: 122222ms, PromptTokens: 4288, CompletionTokens: 925, Cost: $0.00080
2026-01-29 09:35:16,236 - Knowledge - INFO - done ingest for /app/data/T0002/206936/b0193s4/Unvanquished-206936/src/sgame/botlib/bot_local.h
2026-01-29 09:35:21,378 - Knowledge - INFO - [LLM_CALL] Completed: bot_local.cpp:chunk1, Duration: 127932ms, PromptTokens: 5196, CompletionTokens: 519, Cost: $0.00073
2026-01-29 09:35:21,392 - Knowledge - INFO - done ingest for /app/data/T0002/206936/b0193s4/Unvanquished-206936/src/sgame/botlib/bot_local.cpp
2026-01-29 09:35:22,182 - Knowledge - INFO - [LLM_CALL] Completed: TurretComponent.cpp:chunk1, Duration: 127719ms, PromptTokens: 6028, CompletionTokens: 1144, Cost: $0.00106
2026-01-29 09:35:22,182 - Knowledge - INFO - done ingest for /app/data/T0002/206936/b0193s4/Unvanquished-206936/src/sgame/components/TurretComponent.cpp
2026-01-29 09:35:26,668 - Knowledge - INFO - Processing batch of 6 files
2026-01-29 09:35:26,673 - Knowledge - INFO - process ingested knowledge for /app/data/T0002/206936/b0193s4/Unvanquished-206936/src/sgame/botlib/bot_local.cpp
2026-01-29 09:35:26,947 - Knowledge - INFO - process ingested knowledge for /app/data/T0002/206936/b0193s4/Unvanquished-206936/src/sgame/botlib/bot_api.h
2026-01-29 09:35:27,110 - Knowledge - INFO - process ingested knowledge for /app/data/T0002/206936/b0193s4/Unvanquished-206936/src/sgame/botlib/bot_debug.cpp
2026-01-29 09:35:27,385 - Knowledge - INFO - process ingested knowledge for /app/data/T0002/206936/b0193s4/Unvanquished-206936/src/sgame/botlib/bot_nav.cpp
2026-01-29 09:35:27,442 - Knowledge - INFO - process ingested knowledge for /app/data/T0002/206936/b0193s4/Unvanquished-206936/src/sgame/botlib/bot_convert.cpp
2026-01-29 09:35:27,554 - Knowledge - INFO - process ingested knowledge for /app/data/T0002/206936/b0193s4/Unvanquished-206936/src/sgame/botlib/bot_local.h
2026-01-29 09:35:28,017 - Knowledge - INFO - [LLM_CALL] Completed: SpikerComponent.cpp:chunk1, Duration: 133678ms, PromptTokens: 6992, CompletionTokens: 591, Cost: $0.00094
2026-01-29 09:35:28,054 - Knowledge - INFO - done ingest for /app/data/T0002/206936/b0193s4/Unvanquished-206936/src/sgame/components/SpikerComponent.cpp
2026-01-29 09:35:34,456 - Knowledge - INFO - [LLM_CALL] Completed: sg_spawn_mover.cpp:chunk1, Duration: 93500ms, PromptTokens: 20408, CompletionTokens: 872, Cost: $0.00239
2026-01-29 09:35:35,857 - Knowledge - INFO - [LLM_CALL] Completed: sg_svcmds.cpp:chunk1, Duration: 141499ms, PromptTokens: 14590, CompletionTokens: 1662, Cost: $0.00212
2026-01-29 09:35:35,943 - Knowledge - INFO - done ingest for /app/data/T0002/206936/b0193s4/Unvanquished-206936/src/sgame/sg_svcmds.cpp
2026-01-29 09:35:36,115 - Knowledge - INFO - [LLM_CALL] Completed: rocketDataSelect.h:chunk1, Duration: 51173ms, PromptTokens: 2660, CompletionTokens: 507, Cost: $0.00047
2026-01-29 09:35:36,336 - Knowledge - INFO - done ingest for /app/data/T0002/206936/b0193s4/Unvanquished-206936/src/cgame/rocket/rocketDataSelect.h
2026-01-29 09:35:36,453 - Knowledge - INFO - [LLM_CALL] Completed: sg_bot_ai.h:chunk1, Duration: 125230ms, PromptTokens: 5800, CompletionTokens: 1027, Cost: $0.00099
2026-01-29 09:35:36,494 - Knowledge - INFO - done ingest for /app/data/T0002/206936/b0193s4/Unvanquished-206936/src/sgame/sg_bot_ai.h
2026-01-29 09:35:36,837 - Knowledge - INFO - [LLM_CALL] Completed: sg_spawn_sensor.cpp:chunk1, Duration: 143245ms, PromptTokens: 9056, CompletionTokens: 1248, Cost: $0.00140
2026-01-29 09:35:36,842 - Knowledge - INFO - done ingest for /app/data/T0002/206936/b0193s4/Unvanquished-206936/src/sgame/sg_spawn_sensor.cpp
2026-01-29 09:35:37,242 - Knowledge - INFO - [LLM_CALL] Completed: translation.cpp:chunk1, Duration: 58721ms, PromptTokens: 5358, CompletionTokens: 771, Cost: $0.00084
2026-01-29 09:35:37,243 - Knowledge - INFO - done ingest for /app/data/T0002/206936/b0193s4/Unvanquished-206936/src/cgame/translation.cpp
2026-01-29 09:35:39,174 - Knowledge - INFO - [LLM_CALL] Completed: sg_bot_skilltree.cpp:chunk1, Duration: 99132ms, PromptTokens: 8896, CompletionTokens: 754, Cost: $0.00119
2026-01-29 09:35:39,255 - Knowledge - INFO - done ingest for /app/data/T0002/206936/b0193s4/Unvanquished-206936/src/sgame/sg_bot_skilltree.cpp
2026-01-29 09:35:40,537 - Knowledge - INFO - [LLM_CALL] Completed: sg_cm_world.cpp:chunk1, Duration: 145662ms, PromptTokens: 15424, CompletionTokens: 1145, Cost: $0.00200
2026-01-29 09:35:40,538 - Knowledge - INFO - done ingest for /app/data/T0002/206936/b0193s4/Unvanquished-206936/src/sgame/sg_cm_world.cpp
2026-01-29 09:35:42,396 - Knowledge - INFO - [LLM_CALL] Completed: sg_spawn_shared.cpp:chunk1, Duration: 134431ms, PromptTokens: 3130, CompletionTokens: 580, Cost: $0.00054
2026-01-29 09:35:42,466 - Knowledge - INFO - done ingest for /app/data/T0002/206936/b0193s4/Unvanquished-206936/src/sgame/sg_spawn_shared.cpp
2026-01-29 09:35:44,890 - Knowledge - INFO - [LLM_CALL] Completed: rocket_datagrid.cpp:chunk1, Duration: 58978ms, PromptTokens: 2344, CompletionTokens: 404, Cost: $0.00040
2026-01-29 09:35:44,895 - Knowledge - INFO - done ingest for /app/data/T0002/206936/b0193s4/Unvanquished-206936/src/cgame/rocket/rocket_datagrid.cpp
2026-01-29 09:35:46,009 - Knowledge - INFO - [WEBSOCKET] Sent: Type=progress_update, Size: 290, Duration: 0ms
2026-01-29 09:35:46,080 - Knowledge - INFO - [WEBSOCKET] Sent: Type=unknown, Size: ?, Duration: 71ms
2026-01-29 09:35:46,104 - Knowledge - INFO - Progress: 25.4% | Files: 83/327 | Rate: 0.54 files/sec | Queue: 150
2026-01-29 09:35:46,157 - Knowledge - INFO - [kw3] Queue=150, InProgress=0, PendingWorkers=20/20, Completed=83/327 (25.4%)
2026-01-29 09:35:46,157 - Knowledge - INFO - Batch sizing: calculated=5, max_allowed=10, queue=150, active_workers=20/20
2026-01-29 09:35:46,212 - Knowledge - INFO - Async storing batch of 6 embeddings
2026-01-29 09:35:46,236 - Knowledge - INFO - Worker kw3 processing /app/data/T0002/206936/b0193s4/Unvanquished-206936/src/cgame/rocket/rocket.cpp
2026-01-29 09:35:46,262 - Knowledge - INFO - Processing batch of 6 files
2026-01-29 09:35:46,470 - Knowledge - INFO - process ingested knowledge for /app/data/T0002/206936/b0193s4/Unvanquished-206936/src/sgame/components/TrapperComponent.cpp
2026-01-29 09:35:46,496 - Knowledge - INFO - process ingested knowledge for /app/data/T0002/206936/b0193s4/Unvanquished-206936/src/sgame/components/RocketMissileComponent.cpp
2026-01-29 09:35:46,555 - Knowledge - INFO - process ingested knowledge for /app/data/T0002/206936/b0193s4/Unvanquished-206936/src/sgame/components/SpikerComponent.cpp
2026-01-29 09:35:46,595 - Knowledge - INFO - process ingested knowledge for /app/data/T0002/206936/b0193s4/Unvanquished-206936/src/sgame/components/TurretComponent.cpp
2026-01-29 09:35:46,601 - Knowledge - INFO - process ingested knowledge for /app/data/T0002/206936/b0193s4/Unvanquished-206936/src/sgame/components/MissileComponent.cpp
2026-01-29 09:35:46,621 - Knowledge - INFO - process ingested knowledge for /app/data/T0002/206936/b0193s4/Unvanquished-206936/src/sgame/components/LeechComponent.h
2026-01-29 09:35:46,936 - Knowledge - INFO - Worker kw3 processing /app/data/T0002/206936/b0193s4/Unvanquished-206936/src/cgame/rocket/rocket_hud.cpp
2026-01-29 09:35:46,999 - Knowledge - INFO - Worker kw3 processing /app/data/T0002/206936/b0193s4/Unvanquished-206936/src/cgame/rocket/rocketDataSource.h
2026-01-29 09:35:47,086 - Knowledge - INFO - [LLM_CALL] Completed: sg_cm_world.h:chunk1, Duration: 152338ms, PromptTokens: 3496, CompletionTokens: 795, Cost: $0.00067
2026-01-29 09:35:47,145 - Knowledge - INFO - done ingest for /app/data/T0002/206936/b0193s4/Unvanquished-206936/src/sgame/sg_cm_world.h
2026-01-29 09:35:47,159 - Knowledge - INFO - Worker kw3 processing /app/data/T0002/206936/b0193s4/Unvanquished-206936/src/cgame/rocket/rocket_events.cpp
2026-01-29 09:35:47,200 - Knowledge - INFO - Processing batch of 6 files
2026-01-29 09:35:47,596 - Knowledge - INFO - process ingested knowledge for /app/data/T0002/206936/b0193s4/Unvanquished-206936/src/sgame/lua/Interpreter.cpp
2026-01-29 09:35:47,615 - Knowledge - INFO - Worker kw3 processing /app/data/T0002/206936/b0193s4/Unvanquished-206936/src/cgame/rocket/rocketColorInput.h
2026-01-29 09:35:48,268 - Knowledge - INFO - [LLM_CALL] Completed: sg_extern.h:chunk1, Duration: 139355ms, PromptTokens: 5678, CompletionTokens: 1303, Cost: $0.00109
2026-01-29 09:35:48,268 - Knowledge - INFO - done ingest for /app/data/T0002/206936/b0193s4/Unvanquished-206936/src/sgame/sg_extern.h
2026-01-29 09:35:48,997 - Knowledge - INFO - process ingested knowledge for /app/data/T0002/206936/b0193s4/Unvanquished-206936/src/sgame/sg_bot_public.h
2026-01-29 09:35:49,015 - Knowledge - WARNING - Timeout processing /app/data/T0002/206936/b0193s4/Unvanquished-206936/src/sgame/sg_client.cpp after 90s - using fallback metadata
2026-01-29 09:35:49,036 - Knowledge - INFO - process ingested knowledge for /app/data/T0002/206936/b0193s4/Unvanquished-206936/src/sgame/sg_svcmds.cpp
2026-01-29 09:35:49,349 - Knowledge - INFO - process ingested knowledge for /app/data/T0002/206936/b0193s4/Unvanquished-206936/src/sgame/sg_local.h
2026-01-29 09:35:49,606 - Knowledge - INFO - process ingested knowledge for /app/data/T0002/206936/b0193s4/Unvanquished-206936/src/sgame/components/HiveComponent.cpp
2026-01-29 09:35:49,978 - Knowledge - INFO - process ingested knowledge for /app/data/T0002/206936/b0193s4/Unvanquished-206936/src/sgame/components/TeamComponent.h
2026-01-29 09:35:50,742 - Knowledge - INFO - [LLM_CALL] Completed: cg_gameinfo.cpp:chunk1, Duration: 72757ms, PromptTokens: 4318, CompletionTokens: 472, Cost: $0.00062
2026-01-29 09:35:50,759 - Knowledge - INFO - done ingest for /app/data/T0002/206936/b0193s4/Unvanquished-206936/src/cgame/cg_gameinfo.cpp
2026-01-29 09:35:51,863 - Knowledge - INFO - Fast-tracked /app/data/T0002/206936/b0193s4/Unvanquished-206936/src/cgame/rocket/rocket_events.cpp (small file (2811 bytes))
2026-01-29 09:35:52,751 - Knowledge - INFO - Async storage completed for 6 embeddings
2026-01-29 09:35:53,703 - Knowledge - INFO - [LLM_CALL] Completed: sg_momentum.cpp:chunk1, Duration: 159612ms, PromptTokens: 7558, CompletionTokens: 859, Cost: $0.00110
2026-01-29 09:35:53,704 - Knowledge - INFO - done ingest for /app/data/T0002/206936/b0193s4/Unvanquished-206936/src/sgame/sg_momentum.cpp
2026-01-29 09:35:54,804 - Knowledge - INFO - [LLM_CALL] Completed: rocketConditionalElement.h:chunk1, Duration: 61906ms, PromptTokens: 3600, CompletionTokens: 420, Cost: $0.00053
2026-01-29 09:35:54,868 - Knowledge - INFO - done ingest for /app/data/T0002/206936/b0193s4/Unvanquished-206936/src/cgame/rocket/rocketConditionalElement.h
2026-01-29 09:35:58,694 - Knowledge - INFO - [LLM_CALL] Completed: sg_votes.h:chunk1, Duration: 164726ms, PromptTokens: 3206, CompletionTokens: 698, Cost: $0.00060
2026-01-29 09:35:58,810 - Knowledge - INFO - done ingest for /app/data/T0002/206936/b0193s4/Unvanquished-206936/src/sgame/sg_votes.h
2026-01-29 09:36:04,173 - Knowledge - INFO - [LLM_CALL] Completed: Player.cpp:chunk1, Duration: 65221ms, PromptTokens: 2738, CompletionTokens: 465, Cost: $0.00046
2026-01-29 09:36:04,174 - Knowledge - INFO - done ingest for /app/data/T0002/206936/b0193s4/Unvanquished-206936/src/cgame/rocket/lua/Player.cpp
2026-01-29 09:36:05,201 - Knowledge - INFO - Processing batch of 6 files
2026-01-29 09:36:05,436 - Knowledge - INFO - process ingested knowledge for /app/data/T0002/206936/b0193s4/Unvanquished-206936/src/sgame/sg_map_entity.h
2026-01-29 09:36:08,948 - Knowledge - INFO - process ingested knowledge for /app/data/T0002/206936/b0193s4/Unvanquished-206936/src/sgame/sg_client.cpp
2026-01-29 09:36:11,798 - Knowledge - INFO - process ingested knowledge for /app/data/T0002/206936/b0193s4/Unvanquished-206936/src/sgame/sg_trapcalls.h
2026-01-29 09:36:11,936 - Knowledge - INFO - [WEBSOCKET] Sent: Type=progress_update, Size: 287, Duration: 0ms
2026-01-29 09:36:11,974 - Knowledge - INFO - process ingested knowledge for /app/data/T0002/206936/b0193s4/Unvanquished-206936/src/sgame/sg_extern.h
2026-01-29 09:36:12,141 - Knowledge - INFO - [WEBSOCKET] Sent: Type=unknown, Size: ?, Duration: 204ms
2026-01-29 09:36:12,147 - Knowledge - INFO - process ingested knowledge for /app/data/T0002/206936/b0193s4/Unvanquished-206936/src/sgame/sg_physics.cpp
2026-01-29 09:36:12,376 - Knowledge - INFO - Progress: 27.5% | Files: 90/327 | Rate: 0.50 files/sec | Queue: 145
2026-01-29 09:36:12,873 - Knowledge - INFO - [LLM_CALL] Completed: Beacon.cpp:chunk1, Duration: 163605ms, PromptTokens: 17912, CompletionTokens: 1206, Cost: $0.00227
2026-01-29 09:36:12,992 - Knowledge - INFO - done ingest for /app/data/T0002/206936/b0193s4/Unvanquished-206936/src/sgame/Beacon.cpp
2026-01-29 09:36:13,845 - Knowledge - INFO - process ingested knowledge for /app/data/T0002/206936/b0193s4/Unvanquished-206936/src/sgame/sg_bot_ai.h
2026-01-29 09:36:13,851 - Knowledge - INFO - [kw8] Queue=145, InProgress=0, PendingWorkers=20/20, Completed=90/327 (27.5%)
2026-01-29 09:36:13,884 - Knowledge - INFO - Batch sizing: calculated=5, max_allowed=10, queue=145, active_workers=20/20
2026-01-29 09:36:15,759 - Knowledge - INFO - [LLM_CALL] Completed: CDataSource.cpp:chunk1, Duration: 75976ms, PromptTokens: 2488, CompletionTokens: 423, Cost: $0.00042
2026-01-29 09:36:15,794 - Knowledge - INFO - done ingest for /app/data/T0002/206936/b0193s4/Unvanquished-206936/src/cgame/rocket/lua/CDataSource.cpp
2026-01-29 09:36:15,851 - Knowledge - INFO - Async storing batch of 6 embeddings
2026-01-29 09:36:15,887 - Knowledge - INFO - [kw10] Queue=140, InProgress=0, PendingWorkers=20/20, Completed=90/327 (27.5%)
2026-01-29 09:36:16,094 - Knowledge - INFO - Worker kw8 processing /app/data/T0002/206936/b0193s4/Unvanquished-206936/src/cgame/rocket/rocketCvarInlineElement.h
2026-01-29 09:36:16,268 - Knowledge - INFO - Batch sizing: calculated=5, max_allowed=10, queue=140, active_workers=20/20
2026-01-29 09:36:16,611 - Knowledge - INFO - Worker kw8 processing /app/data/T0002/206936/b0193s4/Unvanquished-206936/src/cgame/rocket/rocketFormControlInput.h
2026-01-29 09:36:17,203 - Knowledge - INFO - Worker kw8 processing /app/data/T0002/206936/b0193s4/Unvanquished-206936/src/cgame/rocket/rocketFormControlSelect.h
2026-01-29 09:36:17,337 - Knowledge - WARNING - Timeout processing /app/data/T0002/206936/b0193s4/Unvanquished-206936/src/sgame/botlib/bot_nav_edit.cpp after 90s - using fallback metadata
2026-01-29 09:36:17,645 - Knowledge - INFO - Worker kw8 processing /app/data/T0002/206936/b0193s4/Unvanquished-206936/src/cgame/rocket/rocketKeyBinder.h
2026-01-29 09:36:18,073 - Knowledge - INFO - Worker kw8 processing /app/data/T0002/206936/b0193s4/Unvanquished-206936/src/cgame/rocket/rocketEventInstancer.h
2026-01-29 09:36:18,558 - Knowledge - INFO - Async storing batch of 6 embeddings
2026-01-29 09:36:18,564 - Knowledge - INFO - Worker kw10 processing /app/data/T0002/206936/b0193s4/Unvanquished-206936/src/cgame/cg_animmapobj.cpp
2026-01-29 09:36:18,576 - Knowledge - INFO - Worker kw10 processing /app/data/T0002/206936/b0193s4/Unvanquished-206936/src/cgame/cg_playerstate.cpp
2026-01-29 09:36:18,614 - Knowledge - INFO - Worker kw10 processing /app/data/T0002/206936/b0193s4/Unvanquished-206936/src/cgame/cg_servercmds.cpp
2026-01-29 09:36:18,767 - Knowledge - INFO - Worker kw10 processing /app/data/T0002/206936/b0193s4/Unvanquished-206936/src/cgame/cg_marks.cpp
2026-01-29 09:36:18,788 - Knowledge - INFO - [LLM_CALL] Completed: sg_missile.cpp:chunk1, Duration: 185349ms, PromptTokens: 10138, CompletionTokens: 980, Cost: $0.00141
2026-01-29 09:36:18,894 - Knowledge - INFO - Worker kw10 processing /app/data/T0002/206936/b0193s4/Unvanquished-206936/src/cgame/cg_consolecmds.cpp
2026-01-29 09:36:18,959 - Knowledge - INFO - done ingest for /app/data/T0002/206936/b0193s4/Unvanquished-206936/src/sgame/sg_missile.cpp
2026-01-29 09:36:19,014 - Knowledge - INFO - [LLM_CALL] Completed: rocket.h:chunk1, Duration: 71247ms, PromptTokens: 2606, CompletionTokens: 652, Cost: $0.00052
2026-01-29 09:36:19,414 - Knowledge - INFO - done ingest for /app/data/T0002/206936/b0193s4/Unvanquished-206936/src/cgame/rocket/rocket.h
2026-01-29 09:36:21,806 - Knowledge - INFO - [LLM_CALL] Completed: sg_bot.cpp:chunk1, Duration: 116904ms, PromptTokens: 13802, CompletionTokens: 1881, Cost: $0.00213
2026-01-29 09:36:21,936 - Knowledge - INFO - done ingest for /app/data/T0002/206936/b0193s4/Unvanquished-206936/src/sgame/sg_bot.cpp
2026-01-29 09:36:22,596 - Knowledge - WARNING - Timeout processing /app/data/T0002/206936/b0193s4/Unvanquished-206936/src/sgame/sg_spawn_generic.cpp after 90s - using fallback metadata
2026-01-29 09:36:22,710 - Knowledge - WARNING - Timeout processing /app/data/T0002/206936/b0193s4/Unvanquished-206936/src/sgame/sg_entities.cpp after 90s - using fallback metadata
2026-01-29 09:36:22,938 - Knowledge - INFO - Fast-tracked /app/data/T0002/206936/b0193s4/Unvanquished-206936/src/cgame/rocket/rocketEventInstancer.h (small file (2444 bytes))
2026-01-29 09:36:23,273 - Knowledge - INFO - Async storage completed for 6 embeddings
2026-01-29 09:36:25,199 - Knowledge - INFO - Async storage completed for 6 embeddings
2026-01-29 09:36:25,375 - Knowledge - INFO - Processing batch of 6 files
2026-01-29 09:36:25,602 - Knowledge - INFO - process ingested knowledge for /app/data/T0002/206936/b0193s4/Unvanquished-206936/src/sgame/botlib/bot_load.cpp
2026-01-29 09:36:27,037 - Knowledge - INFO - [LLM_CALL] Completed: sg_spawn_ctrl.cpp:chunk1, Duration: 136472ms, PromptTokens: 2934, CompletionTokens: 494, Cost: $0.00049
2026-01-29 09:36:27,042 - Knowledge - INFO - done ingest for /app/data/T0002/206936/b0193s4/Unvanquished-206936/src/sgame/sg_spawn_ctrl.cpp
2026-01-29 09:36:27,048 - Knowledge - INFO - process ingested knowledge for /app/data/T0002/206936/b0193s4/Unvanquished-206936/src/sgame/botlib/bot_navdraw.h
2026-01-29 09:36:27,493 - Knowledge - INFO - process ingested knowledge for /app/data/T0002/206936/b0193s4/Unvanquished-206936/src/sgame/botlib/bot_convert.h
2026-01-29 09:36:27,494 - Knowledge - INFO - process ingested knowledge for /app/data/T0002/206936/b0193s4/Unvanquished-206936/src/sgame/botlib/bot_types.h
2026-01-29 09:36:27,494 - Knowledge - INFO - process ingested knowledge for /app/data/T0002/206936/b0193s4/Unvanquished-206936/src/sgame/botlib/bot_nav_edit.cpp
2026-01-29 09:36:27,494 - Knowledge - INFO - process ingested knowledge for /app/data/T0002/206936/b0193s4/Unvanquished-206936/src/sgame/sg_spawn_game.cpp
2026-01-29 09:36:27,801 - Knowledge - INFO - [LLM_CALL] Completed: rocketElement.h:chunk1, Duration: 101258ms, PromptTokens: 2646, CompletionTokens: 428, Cost: $0.00044
2026-01-29 09:36:27,883 - Knowledge - INFO - done ingest for /app/data/T0002/206936/b0193s4/Unvanquished-206936/src/cgame/rocket/rocketElement.h
2026-01-29 09:36:28,042 - Knowledge - INFO - [LLM_CALL] Completed: rocket_element.cpp:chunk1, Duration: 93689ms, PromptTokens: 5224, CompletionTokens: 1174, Cost: $0.00099
2026-01-29 09:36:28,042 - Knowledge - INFO - done ingest for /app/data/T0002/206936/b0193s4/Unvanquished-206936/src/cgame/rocket/rocket_element.cpp
2026-01-29 09:36:28,943 - Knowledge - INFO - [LLM_CALL] Completed: sg_bot_util.cpp:chunk1, Duration: 194893ms, PromptTokens: 19680, CompletionTokens: 1471, Cost: $0.00256
2026-01-29 09:36:29,396 - Knowledge - INFO - [kw16] Queue=135, InProgress=0, PendingWorkers=20/20, Completed=96/327 (29.4%)
2026-01-29 09:36:29,396 - Knowledge - INFO - Batch sizing: calculated=5, max_allowed=10, queue=135, active_workers=20/20
2026-01-29 09:36:29,396 - Knowledge - INFO - Async storing batch of 6 embeddings
2026-01-29 09:36:29,673 - Knowledge - INFO - Worker kw16 processing /app/data/T0002/206936/b0193s4/Unvanquished-206936/src/cgame/cg_ents.cpp
2026-01-29 09:36:29,764 - Knowledge - INFO - Worker kw16 processing /app/data/T0002/206936/b0193s4/Unvanquished-206936/src/cgame/cg_api.cpp
2026-01-29 09:36:30,090 - Knowledge - INFO - Worker kw16 processing /app/data/T0002/206936/b0193s4/Unvanquished-206936/src/cgame/Filter.h
2026-01-29 09:36:30,182 - Knowledge - INFO - Worker kw16 processing /app/data/T0002/206936/b0193s4/Unvanquished-206936/src/cgame/cg_rocket_datasource.cpp
2026-01-29 09:36:30,309 - Knowledge - INFO - Worker kw16 processing /app/data/T0002/206936/b0193s4/Unvanquished-206936/src/cgame/CombatFeedback.cpp
2026-01-29 09:36:30,370 - Knowledge - WARNING - Timeout processing /app/data/T0002/206936/b0193s4/Unvanquished-206936/src/sgame/sg_bot_util.cpp after 90s - using fallback metadata
2026-01-29 09:36:32,817 - Knowledge - INFO - Fast-tracked /app/data/T0002/206936/b0193s4/Unvanquished-206936/src/cgame/Filter.h (small file (2820 bytes))
2026-01-29 09:36:34,665 - Knowledge - INFO - Async storage completed for 6 embeddings
2026-01-29 09:36:35,310 - Knowledge - INFO - [LLM_CALL] Completed: rocket_documents.cpp:chunk1, Duration: 88801ms, PromptTokens: 3332, CompletionTokens: 578, Cost: $0.00056
2026-01-29 09:36:35,351 - Knowledge - INFO - done ingest for /app/data/T0002/206936/b0193s4/Unvanquished-206936/src/cgame/rocket/rocket_documents.cpp
2026-01-29 09:36:35,910 - Knowledge - INFO - Processing batch of 6 files
2026-01-29 09:36:35,910 - Knowledge - INFO - process ingested knowledge for /app/data/T0002/206936/b0193s4/Unvanquished-206936/src/sgame/sg_spawn_sensor.cpp
2026-01-29 09:36:36,459 - Knowledge - INFO - [LLM_CALL] Completed: sg_spawn_afx.cpp:chunk1, Duration: 189517ms, PromptTokens: 6124, CompletionTokens: 1014, Cost: $0.00102
2026-01-29 09:36:36,602 - Knowledge - INFO - done ingest for /app/data/T0002/206936/b0193s4/Unvanquished-206936/src/sgame/sg_spawn_afx.cpp
2026-01-29 09:36:36,610 - Knowledge - WARNING - Timeout processing /app/data/T0002/206936/b0193s4/Unvanquished-206936/src/cgame/rocket/rocketFocusManager.h after 90s - using fallback metadata
2026-01-29 09:36:37,115 - Knowledge - INFO - process ingested knowledge for /app/data/T0002/206936/b0193s4/Unvanquished-206936/src/sgame/sg_bot_util.cpp
2026-01-29 09:36:37,271 - Knowledge - INFO - process ingested knowledge for /app/data/T0002/206936/b0193s4/Unvanquished-206936/src/sgame/BaseClustering.cpp
2026-01-29 09:36:37,271 - Knowledge - INFO - process ingested knowledge for /app/data/T0002/206936/b0193s4/Unvanquished-206936/src/sgame/sg_momentum.cpp
2026-01-29 09:36:37,272 - Knowledge - INFO - process ingested knowledge for /app/data/T0002/206936/b0193s4/Unvanquished-206936/src/sgame/CombatFeedback.cpp
2026-01-29 09:36:37,285 - Knowledge - INFO - process ingested knowledge for /app/data/T0002/206936/b0193s4/Unvanquished-206936/src/sgame/lua/Interpreter.h
2026-01-29 09:36:39,543 - Knowledge - INFO - [LLM_CALL] Completed: sg_spawn.h:chunk1, Duration: 205549ms, PromptTokens: 3750, CompletionTokens: 717, Cost: $0.00066
2026-01-29 09:36:39,608 - Knowledge - INFO - done ingest for /app/data/T0002/206936/b0193s4/Unvanquished-206936/src/sgame/sg_spawn.h
2026-01-29 09:36:43,453 - Knowledge - INFO - [LLM_CALL] Completed: sg_bot_local.h:chunk1, Duration: 208684ms, PromptTokens: 4442, CompletionTokens: 627, Cost: $0.00069
2026-01-29 09:36:43,688 - Knowledge - INFO - done ingest for /app/data/T0002/206936/b0193s4/Unvanquished-206936/src/sgame/sg_bot_local.h
2026-01-29 09:36:44,053 - Knowledge - INFO - [WEBSOCKET] Sent: Type=progress_update, Size: 291, Duration: 0ms
2026-01-29 09:36:44,164 - Knowledge - INFO - [WEBSOCKET] Sent: Type=unknown, Size: ?, Duration: 111ms
2026-01-29 09:36:44,170 - Knowledge - INFO - Progress: 31.8% | Files: 104/327 | Rate: 0.49 files/sec | Queue: 130
2026-01-29 09:36:44,244 - Knowledge - INFO - [kw4] Queue=130, InProgress=0, PendingWorkers=20/20, Completed=104/327 (31.8%)
2026-01-29 09:36:44,244 - Knowledge - INFO - Batch sizing: calculated=5, max_allowed=10, queue=130, active_workers=20/20
2026-01-29 09:36:44,250 - Knowledge - INFO - Async storing batch of 6 embeddings
2026-01-29 09:36:44,450 - Knowledge - INFO - Worker kw4 processing /app/data/T0002/206936/b0193s4/Unvanquished-206936/src/cgame/cg_event.cpp
2026-01-29 09:36:44,892 - Knowledge - INFO - Worker kw4 processing /app/data/T0002/206936/b0193s4/Unvanquished-206936/src/cgame/cg_skeleton_modifier.h
2026-01-29 09:36:45,441 - Knowledge - INFO - Fast-tracked /app/data/T0002/206936/b0193s4/Unvanquished-206936/src/cgame/cg_skeleton_modifier.h (ext=.h, size=1519)
2026-01-29 09:36:45,478 - Knowledge - INFO - Worker kw4 processing /app/data/T0002/206936/b0193s4/Unvanquished-206936/src/cgame/cg_beacon.cpp
2026-01-29 09:36:45,883 - Knowledge - INFO - Worker kw4 processing /app/data/T0002/206936/b0193s4/Unvanquished-206936/src/cgame/cg_rocket.cpp
2026-01-29 09:36:46,199 - Knowledge - INFO - Worker kw4 processing /app/data/T0002/206936/b0193s4/Unvanquished-206936/src/cgame/cg_local.h
2026-01-29 09:36:47,590 - Knowledge - INFO - [LLM_CALL] Completed: sg_admin.h:chunk1, Duration: 213536ms, PromptTokens: 5098, CompletionTokens: 745, Cost: $0.00081
2026-01-29 09:36:47,591 - Knowledge - INFO - done ingest for /app/data/T0002/206936/b0193s4/Unvanquished-206936/src/sgame/sg_admin.h
2026-01-29 09:36:48,567 - Knowledge - INFO - Split /app/data/T0002/206936/b0193s4/Unvanquished-206936/src/cgame/cg_local.h (66376 bytes) into 3 chunks of ~32KB
2026-01-29 09:36:49,438 - Knowledge - INFO - Processing batch of 5 files
2026-01-29 09:36:49,439 - Knowledge - INFO - process ingested knowledge for /app/data/T0002/206936/b0193s4/Unvanquished-206936/src/cgame/rocket/rocket_documents.cpp
2026-01-29 09:36:50,213 - Knowledge - INFO - Async storage completed for 6 embeddings
2026-01-29 09:36:50,579 - Knowledge - INFO - process ingested knowledge for /app/data/T0002/206936/b0193s4/Unvanquished-206936/src/cgame/rocket/rocket_dataformatter.cpp
2026-01-29 09:36:50,661 - Knowledge - INFO - process ingested knowledge for /app/data/T0002/206936/b0193s4/Unvanquished-206936/src/cgame/rocket/rocket.h
2026-01-29 09:36:50,769 - Knowledge - INFO - process ingested knowledge for /app/data/T0002/206936/b0193s4/Unvanquished-206936/src/cgame/rocket/rocketDataGrid.h
2026-01-29 09:36:50,775 - Knowledge - INFO - process ingested knowledge for /app/data/T0002/206936/b0193s4/Unvanquished-206936/src/cgame/rocket/rocketFocusManager.h
2026-01-29 09:36:52,415 - Knowledge - INFO - [LLM_CALL] Completed: rocketChatField.h:chunk1, Duration: 112278ms, PromptTokens: 7446, CompletionTokens: 886, Cost: $0.00110
2026-01-29 09:36:52,455 - Knowledge - INFO - done ingest for /app/data/T0002/206936/b0193s4/Unvanquished-206936/src/cgame/rocket/rocketChatField.h
2026-01-29 09:36:53,488 - Knowledge - INFO - [LLM_CALL] Completed: sg_public.h:chunk1, Duration: 218599ms, PromptTokens: 10416, CompletionTokens: 1913, Cost: $0.00181
2026-01-29 09:36:53,553 - Knowledge - INFO - done ingest for /app/data/T0002/206936/b0193s4/Unvanquished-206936/src/sgame/sg_public.h
2026-01-29 09:36:54,337 - Knowledge - WARNING - Timeout processing /app/data/T0002/206936/b0193s4/Unvanquished-206936/src/cgame/rocket/rocket_keys.cpp after 90s - using fallback metadata
2026-01-29 09:36:56,004 - Knowledge - INFO - [kw5] Queue=125, InProgress=0, PendingWorkers=20/20, Completed=109/327 (33.3%)
2026-01-29 09:36:56,180 - Knowledge - INFO - Batch sizing: calculated=5, max_allowed=10, queue=125, active_workers=20/20
2026-01-29 09:36:56,196 - Knowledge - INFO - Async storing batch of 6 embeddings
2026-01-29 09:36:56,404 - Knowledge - INFO - Worker kw5 processing /app/data/T0002/206936/b0193s4/Unvanquished-206936/src/cgame/cg_players.cpp
2026-01-29 09:36:56,647 - Knowledge - INFO - Worker kw5 processing /app/data/T0002/206936/b0193s4/Unvanquished-206936/src/cgame/cg_animation.cpp
2026-01-29 09:36:56,875 - Knowledge - INFO - [LLM_CALL] Completed: rocketConsoleTextElement.h:chunk1, Duration: 137191ms, PromptTokens: 2952, CompletionTokens: 498, Cost: $0.00049
2026-01-29 09:36:56,876 - Knowledge - INFO - done ingest for /app/data/T0002/206936/b0193s4/Unvanquished-206936/src/cgame/rocket/rocketConsoleTextElement.h
2026-01-29 09:36:56,947 - Knowledge - INFO - Worker kw5 processing /app/data/T0002/206936/b0193s4/Unvanquished-206936/src/cgame/cg_snapshot.cpp
2026-01-29 09:36:57,119 - Knowledge - INFO - Worker kw5 processing /app/data/T0002/206936/b0193s4/Unvanquished-206936/src/cgame/cg_segmented_skeleton.cpp
2026-01-29 09:36:57,153 - Knowledge - INFO - Worker kw5 processing /app/data/T0002/206936/b0193s4/Unvanquished-206936/src/cgame/cg_parseutils.cpp
2026-01-29 09:36:57,258 - Knowledge - INFO - [LLM_CALL] Completed: sg_spawn_gfx.cpp:chunk1, Duration: 165140ms, PromptTokens: 5976, CompletionTokens: 937, Cost: $0.00097
2026-01-29 09:36:57,283 - Knowledge - INFO - done ingest for /app/data/T0002/206936/b0193s4/Unvanquished-206936/src/sgame/sg_spawn_gfx.cpp
2026-01-29 09:36:58,054 - Knowledge - INFO - Split /app/data/T0002/206936/b0193s4/Unvanquished-206936/src/cgame/cg_players.cpp (88824 bytes) into 3 chunks of ~32KB
2026-01-29 09:37:01,791 - Knowledge - INFO - Async storage completed for 6 embeddings
2026-01-29 09:37:02,696 - Knowledge - INFO - Processing batch of 5 files
2026-01-29 09:37:02,701 - Knowledge - INFO - process ingested knowledge for /app/data/T0002/206936/b0193s4/Unvanquished-206936/src/cgame/rocket/rocketProgressBar.h
2026-01-29 09:37:02,708 - Knowledge - INFO - process ingested knowledge for /app/data/T0002/206936/b0193s4/Unvanquished-206936/src/cgame/rocket/rocketDataSelect.h
2026-01-29 09:37:02,729 - Knowledge - INFO - process ingested knowledge for /app/data/T0002/206936/b0193s4/Unvanquished-206936/src/cgame/rocket/rocket_datagrid.cpp
2026-01-29 09:37:02,730 - Knowledge - INFO - process ingested knowledge for /app/data/T0002/206936/b0193s4/Unvanquished-206936/src/cgame/rocket/rocketElement.h
2026-01-29 09:37:02,749 - Knowledge - INFO - [WEBSOCKET] Sent: Type=progress_update, Size: 290, Duration: 0ms
2026-01-29 09:37:02,755 - Knowledge - INFO - process ingested knowledge for /app/data/T0002/206936/b0193s4/Unvanquished-206936/src/cgame/rocket/rocket_keys.cpp
2026-01-29 09:37:03,037 - Knowledge - INFO - Processing batch of 5 files
2026-01-29 09:37:03,122 - Knowledge - INFO - [WEBSOCKET] Sent: Type=unknown, Size: ?, Duration: 373ms
2026-01-29 09:37:03,209 - Knowledge - INFO - process ingested knowledge for /app/data/T0002/206936/b0193s4/Unvanquished-206936/src/cgame/rocket/lua/Events.cpp
2026-01-29 09:37:03,490 - Knowledge - INFO - Progress: 35.8% | Files: 117/327 | Rate: 0.51 files/sec | Queue: 120
2026-01-29 09:37:04,636 - Knowledge - INFO - process ingested knowledge for /app/data/T0002/206936/b0193s4/Unvanquished-206936/src/cgame/rocket/lua/Player.cpp
2026-01-29 09:37:04,880 - Knowledge - INFO - [kw18] Queue=120, InProgress=0, PendingWorkers=20/20, Completed=117/327 (35.8%)
2026-01-29 09:37:04,880 - Knowledge - INFO - Batch sizing: calculated=5, max_allowed=10, queue=120, active_workers=20/20
2026-01-29 09:37:04,913 - Knowledge - INFO - process ingested knowledge for /app/data/T0002/206936/b0193s4/Unvanquished-206936/src/cgame/rocket/lua/register_lua_extensions.h
2026-01-29 09:37:05,157 - Knowledge - INFO - Async storing batch of 5 embeddings
2026-01-29 09:37:05,165 - Knowledge - INFO - process ingested knowledge for /app/data/T0002/206936/b0193s4/Unvanquished-206936/src/cgame/rocket/lua/CDataSource.cpp
2026-01-29 09:37:05,282 - Knowledge - INFO - Worker kw18 processing /app/data/T0002/206936/b0193s4/Unvanquished-206936/src/cgame/cg_rocket_events.cpp
2026-01-29 09:37:06,149 - Knowledge - INFO - [LLM_CALL] Completed: rocketSelectableDataGrid.h:chunk1, Duration: 131201ms, PromptTokens: 4226, CompletionTokens: 593, Cost: $0.00066
2026-01-29 09:37:06,170 - Knowledge - INFO - done ingest for /app/data/T0002/206936/b0193s4/Unvanquished-206936/src/cgame/rocket/rocketSelectableDataGrid.h
2026-01-29 09:37:06,387 - Knowledge - INFO - Worker kw18 processing /app/data/T0002/206936/b0193s4/Unvanquished-206936/src/cgame/cg_tutorial.cpp
2026-01-29 09:37:06,453 - Knowledge - INFO - Worker kw18 processing /app/data/T0002/206936/b0193s4/Unvanquished-206936/src/cgame/cg_animdelta.h
2026-01-29 09:37:06,646 - Knowledge - INFO - Fast-tracked /app/data/T0002/206936/b0193s4/Unvanquished-206936/src/cgame/cg_animdelta.h (ext=.h, size=1646)
2026-01-29 09:37:06,706 - Knowledge - INFO - [LLM_CALL] Completed: sg_bot_util.h:chunk1, Duration: 231845ms, PromptTokens: 3858, CompletionTokens: 1812, Cost: $0.00111
2026-01-29 09:37:06,892 - Knowledge - INFO - Worker kw18 processing /app/data/T0002/206936/b0193s4/Unvanquished-206936/src/cgame/cg_buildable.cpp
2026-01-29 09:37:07,018 - Knowledge - INFO - done ingest for /app/data/T0002/206936/b0193s4/Unvanquished-206936/src/sgame/sg_bot_util.h
2026-01-29 09:37:07,242 - Knowledge - INFO - Worker kw18 processing /app/data/T0002/206936/b0193s4/Unvanquished-206936/src/cgame/cg_particles.cpp
2026-01-29 09:37:07,699 - Knowledge - INFO - [LLM_CALL] Completed: sg_main.cpp:chunk1, Duration: 159626ms, PromptTokens: 19866, CompletionTokens: 668, Cost: $0.00225
2026-01-29 09:37:07,774 - Knowledge - INFO - process ingested knowledge for /app/data/T0002/206936/b0193s4/Unvanquished-206936/src/cgame/rocket/rocketChatField.h
2026-01-29 09:37:09,776 - Knowledge - INFO - [LLM_CALL] Completed: sg_combat.cpp:chunk1, Duration: 236227ms, PromptTokens: 18810, CompletionTokens: 1120, Cost: $0.00233
2026-01-29 09:37:09,877 - Knowledge - INFO - done ingest for /app/data/T0002/206936/b0193s4/Unvanquished-206936/src/sgame/sg_combat.cpp
2026-01-29 09:37:10,018 - Knowledge - INFO - [LLM_CALL] Completed: cg_animmapobj.cpp:chunk1, Duration: 50403ms, PromptTokens: 4128, CompletionTokens: 349, Cost: $0.00055
2026-01-29 09:37:10,282 - Knowledge - INFO - done ingest for /app/data/T0002/206936/b0193s4/Unvanquished-206936/src/cgame/cg_animmapobj.cpp
2026-01-29 09:37:10,774 - Knowledge - WARNING - Timeout processing /app/data/T0002/206936/b0193s4/Unvanquished-206936/src/sgame/sg_team.cpp after 90s - using fallback metadata
2026-01-29 09:37:10,805 - Knowledge - WARNING - Timeout processing /app/data/T0002/206936/b0193s4/Unvanquished-206936/src/sgame/sg_bot_parse.cpp after 90s - using fallback metadata
2026-01-29 09:37:13,252 - Knowledge - INFO - Async storage completed for 5 embeddings
2026-01-29 09:37:13,807 - Knowledge - INFO - [LLM_CALL] Completed: sg_buildpoints.cpp:chunk1, Duration: 182766ms, PromptTokens: 4512, CompletionTokens: 857, Cost: $0.00079
2026-01-29 09:37:13,874 - Knowledge - INFO - done ingest for /app/data/T0002/206936/b0193s4/Unvanquished-206936/src/sgame/sg_buildpoints.cpp
2026-01-29 09:37:16,958 - Knowledge - WARNING - Timeout processing /app/data/T0002/206936/b0193s4/Unvanquished-206936/src/sgame/sg_spawn.cpp after 90s - using fallback metadata
2026-01-29 09:37:16,977 - Knowledge - WARNING - Timeout processing /app/data/T0002/206936/b0193s4/Unvanquished-206936/src/sgame/sg_bot_nav.cpp after 90s - using fallback metadata
2026-01-29 09:37:17,499 - Knowledge - INFO - [LLM_CALL] Completed: cg_playerstate.cpp:chunk1, Duration: 56310ms, PromptTokens: 5396, CompletionTokens: 479, Cost: $0.00073
2026-01-29 09:37:17,559 - Knowledge - INFO - done ingest for /app/data/T0002/206936/b0193s4/Unvanquished-206936/src/cgame/cg_playerstate.cpp
2026-01-29 09:37:22,391 - Knowledge - INFO - [WEBSOCKET] Sent: Type=progress_update, Size: 293, Duration: 0ms
2026-01-29 09:37:22,459 - Knowledge - INFO - [WEBSOCKET] Sent: Type=unknown, Size: ?, Duration: 68ms
2026-01-29 09:37:22,459 - Knowledge - INFO - Progress: 40.7% | Files: 133/327 | Rate: 0.53 files/sec | Queue: 115
2026-01-29 09:37:22,589 - Knowledge - INFO - Processing batch of 5 files
2026-01-29 09:37:22,590 - Knowledge - INFO - process ingested knowledge for /app/data/T0002/206936/b0193s4/Unvanquished-206936/src/cgame/rocket/rocketIncludeElement.h
2026-01-29 09:37:22,868 - Knowledge - INFO - [kw11] Queue=115, InProgress=0, PendingWorkers=20/20, Completed=136/327 (41.6%)
2026-01-29 09:37:22,868 - Knowledge - INFO - Batch sizing: calculated=5, max_allowed=10, queue=115, active_workers=20/20
2026-01-29 09:37:22,952 - Knowledge - WARNING - Timeout processing /app/data/T0002/206936/b0193s4/Unvanquished-206936/src/sgame/sg_active.cpp after 90s - using fallback metadata
2026-01-29 09:37:23,292 - Knowledge - INFO - [LLM_CALL] Completed: cg_draw.cpp:chunk1, Duration: 164066ms, PromptTokens: 11390, CompletionTokens: 904, Cost: $0.00150
2026-01-29 09:37:23,375 - Knowledge - INFO - done ingest for /app/data/T0002/206936/b0193s4/Unvanquished-206936/src/cgame/cg_draw.cpp
2026-01-29 09:37:24,143 - Knowledge - INFO - process ingested knowledge for /app/data/T0002/206936/b0193s4/Unvanquished-206936/src/cgame/rocket/rocketConditionalElement.h
2026-01-29 09:37:24,200 - Knowledge - INFO - Async storing batch of 5 embeddings
2026-01-29 09:37:24,206 - Knowledge - INFO - Worker kw11 processing /app/data/T0002/206936/b0193s4/Unvanquished-206936/src/cgame/cg_trails.cpp
2026-01-29 09:37:24,242 - Knowledge - INFO - Worker kw11 processing /app/data/T0002/206936/b0193s4/Unvanquished-206936/src/cgame/cg_animdelta.cpp
2026-01-29 09:37:24,285 - Knowledge - INFO - Worker kw11 processing /app/data/T0002/206936/b0193s4/Unvanquished-206936/src/cgame/cg_drawtools.cpp
2026-01-29 09:37:24,336 - Knowledge - INFO - Worker kw11 processing /app/data/T0002/206936/b0193s4/Unvanquished-206936/src/cgame/cg_minimap.cpp
2026-01-29 09:37:24,348 - Knowledge - INFO - Worker kw11 processing /app/data/T0002/206936/b0193s4/Unvanquished-206936/src/cgame/cg_predict.cpp
2026-01-29 09:37:24,360 - Knowledge - INFO - [WEBSOCKET] Sent: Type=progress_update, Size: 292, Duration: 0ms
2026-01-29 09:37:24,379 - Knowledge - INFO - process ingested knowledge for /app/data/T0002/206936/b0193s4/Unvanquished-206936/src/cgame/rocket/rocketDataFormatter.h
2026-01-29 09:37:24,569 - Knowledge - INFO - process ingested knowledge for /app/data/T0002/206936/b0193s4/Unvanquished-206936/src/cgame/rocket/rocket_element.cpp
2026-01-29 09:37:24,569 - Knowledge - INFO - Processing batch of 5 files
2026-01-29 09:37:24,600 - Knowledge - INFO - process ingested knowledge for /app/data/T0002/206936/b0193s4/Unvanquished-206936/src/cgame/rocket/rocketSelectableDataGrid.h
2026-01-29 09:37:24,600 - Knowledge - INFO - [WEBSOCKET] Sent: Type=unknown, Size: ?, Duration: 241ms
2026-01-29 09:37:24,682 - Knowledge - INFO - process ingested knowledge for /app/data/T0002/206936/b0193s4/Unvanquished-206936/src/sgame/Entities.h
2026-01-29 09:37:24,836 - Knowledge - INFO - Progress: 43.4% | Files: 143/327 | Rate: 0.57 files/sec | Queue: 110
2026-01-29 09:37:24,988 - Knowledge - INFO - [LLM_CALL] Completed: rocket_hud.cpp:chunk1, Duration: 94616ms, PromptTokens: 2872, CompletionTokens: 538, Cost: $0.00050
2026-01-29 09:37:25,143 - Knowledge - INFO - done ingest for /app/data/T0002/206936/b0193s4/Unvanquished-206936/src/cgame/rocket/rocket_hud.cpp
2026-01-29 09:37:25,794 - Knowledge - INFO - process ingested knowledge for /app/data/T0002/206936/b0193s4/Unvanquished-206936/src/sgame/sg_spawn_ctrl.cpp
2026-01-29 09:37:25,981 - Knowledge - INFO - [kw15] Queue=110, InProgress=0, PendingWorkers=20/20, Completed=146/327 (44.6%)
2026-01-29 09:37:25,982 - Knowledge - INFO - Batch sizing: calculated=5, max_allowed=10, queue=110, active_workers=20/20
2026-01-29 09:37:26,069 - Knowledge - INFO - process ingested knowledge for /app/data/T0002/206936/b0193s4/Unvanquished-206936/src/sgame/sg_buildpoints.cpp
2026-01-29 09:37:26,099 - Knowledge - INFO - Processing batch of 6 files
2026-01-29 09:37:26,108 - Knowledge - INFO - process ingested knowledge for /app/data/T0002/206936/b0193s4/Unvanquished-206936/src/sgame/sg_team.cpp
2026-01-29 09:37:26,156 - Knowledge - INFO - Async storing batch of 5 embeddings
2026-01-29 09:37:26,286 - Knowledge - INFO - Worker kw15 processing /app/data/T0002/206936/b0193s4/Unvanquished-206936/src/cgame/cg_view.cpp
2026-01-29 09:37:26,451 - Knowledge - INFO - Worker kw15 processing /app/data/T0002/206936/b0193s4/Unvanquished-206936/src/cgame/cg_ui.h
2026-01-29 09:37:26,472 - Knowledge - INFO - Processing batch of 5 files
2026-01-29 09:37:26,478 - Knowledge - INFO - Processing batch of 6 files
2026-01-29 09:37:26,591 - Knowledge - INFO - Fast-tracked /app/data/T0002/206936/b0193s4/Unvanquished-206936/src/cgame/cg_ui.h (ext=.h, size=1824)
2026-01-29 09:37:26,687 - Knowledge - INFO - process ingested knowledge for /app/data/T0002/206936/b0193s4/Unvanquished-206936/src/sgame/sg_bot_skilltree.cpp
2026-01-29 09:37:26,872 - Knowledge - INFO - process ingested knowledge for /app/data/T0002/206936/b0193s4/Unvanquished-206936/src/sgame/sg_missile.cpp
2026-01-29 09:37:26,898 - Knowledge - INFO - Worker kw15 processing /app/data/T0002/206936/b0193s4/Unvanquished-206936/src/cgame/cg_key_name.cpp
2026-01-29 09:37:27,049 - Knowledge - INFO - process ingested knowledge for /app/data/T0002/206936/b0193s4/Unvanquished-206936/src/sgame/sg_spawn_position.cpp
2026-01-29 09:37:27,093 - Knowledge - INFO - Worker kw15 processing /app/data/T0002/206936/b0193s4/Unvanquished-206936/src/cgame/cg_attachment.cpp
2026-01-29 09:37:27,105 - Knowledge - INFO - process ingested knowledge for /app/data/T0002/206936/b0193s4/Unvanquished-206936/src/sgame/sg_cmds.cpp
2026-01-29 09:37:27,173 - Knowledge - INFO - Async storage completed for 5 embeddings
2026-01-29 09:37:27,216 - Knowledge - INFO - process ingested knowledge for /app/data/T0002/206936/b0193s4/Unvanquished-206936/src/sgame/sg_combat.cpp
2026-01-29 09:37:27,237 - Knowledge - INFO - process ingested knowledge for /app/data/T0002/206936/b0193s4/Unvanquished-206936/src/sgame/sg_namelog.cpp
2026-01-29 09:37:27,257 - Knowledge - INFO - process ingested knowledge for /app/data/T0002/206936/b0193s4/Unvanquished-206936/src/sgame/sg_spawn_gfx.cpp
2026-01-29 09:37:27,349 - Knowledge - INFO - Worker kw15 processing /app/data/T0002/206936/b0193s4/Unvanquished-206936/src/cgame/cg_utils.cpp
2026-01-29 09:37:28,071 - Knowledge - INFO - [LLM_CALL] Completed: sg_buildable.cpp:chunk1, Duration: 253329ms, PromptTokens: 36796, CompletionTokens: 1770, Cost: $0.00439
2026-01-29 09:37:28,090 - Knowledge - INFO - done ingest for /app/data/T0002/206936/b0193s4/Unvanquished-206936/src/sgame/sg_buildable.cpp
2026-01-29 09:37:28,470 - Knowledge - INFO - Fast-tracked /app/data/T0002/206936/b0193s4/Unvanquished-206936/src/cgame/cg_key_name.cpp (small file (2196 bytes))
2026-01-29 09:37:28,477 - Knowledge - INFO - process ingested knowledge for /app/data/T0002/206936/b0193s4/Unvanquished-206936/src/sgame/sg_spawn_afx.cpp
2026-01-29 09:37:28,521 - Knowledge - INFO - process ingested knowledge for /app/data/T0002/206936/b0193s4/Unvanquished-206936/src/sgame/sg_spawn_fx.cpp
2026-01-29 09:37:28,672 - Knowledge - INFO - process ingested knowledge for /app/data/T0002/206936/b0193s4/Unvanquished-206936/src/sgame/sg_admin.cpp
2026-01-29 09:37:28,843 - Knowledge - INFO - Processing batch of 6 files
2026-01-29 09:37:29,011 - Knowledge - INFO - process ingested knowledge for /app/data/T0002/206936/b0193s4/Unvanquished-206936/src/sgame/sg_cm_world.h
2026-01-29 09:37:29,776 - Knowledge - INFO - process ingested knowledge for /app/data/T0002/206936/b0193s4/Unvanquished-206936/src/sgame/sg_spawn_shared.cpp
2026-01-29 09:37:29,793 - Knowledge - INFO - process ingested knowledge for /app/data/T0002/206936/b0193s4/Unvanquished-206936/src/sgame/sg_votes.h
2026-01-29 09:37:29,796 - Knowledge - INFO - process ingested knowledge for /app/data/T0002/206936/b0193s4/Unvanquished-206936/src/sgame/sg_spawn.cpp
2026-01-29 09:37:30,077 - Knowledge - INFO - Async storage completed for 5 embeddings
2026-01-29 09:37:30,316 - Knowledge - INFO - Processing batch of 5 files
2026-01-29 09:37:30,621 - Knowledge - INFO - process ingested knowledge for /app/data/T0002/206936/b0193s4/Unvanquished-206936/src/cgame/cg_gameinfo.cpp
2026-01-29 09:37:31,143 - Knowledge - INFO - process ingested knowledge for /app/data/T0002/206936/b0193s4/Unvanquished-206936/src/sgame/generate-entities.sh
2026-01-29 09:37:31,204 - Knowledge - INFO - process ingested knowledge for /app/data/T0002/206936/b0193s4/Unvanquished-206936/src/sgame/sg_bot_parse.cpp
2026-01-29 09:37:31,716 - Knowledge - WARNING - Timeout processing /app/data/T0002/206936/b0193s4/Unvanquished-206936/src/sgame/sg_votes.cpp after 90s - using fallback metadata
2026-01-29 09:37:31,791 - Knowledge - WARNING - Timeout processing /app/data/T0002/206936/b0193s4/Unvanquished-206936/src/sgame/sg_spawn_mover.cpp after 90s - using fallback metadata
2026-01-29 09:37:31,792 - Knowledge - WARNING - Timeout processing /app/data/T0002/206936/b0193s4/Unvanquished-206936/src/sgame/sg_utils.cpp after 90s - using fallback metadata
2026-01-29 09:37:32,159 - Knowledge - INFO - process ingested knowledge for /app/data/T0002/206936/b0193s4/Unvanquished-206936/src/cgame/translation.cpp
2026-01-29 09:37:32,182 - Knowledge - INFO - process ingested knowledge for /app/data/T0002/206936/b0193s4/Unvanquished-206936/src/sgame/sg_spawn.h
2026-01-29 09:37:32,268 - Knowledge - INFO - process ingested knowledge for /app/data/T0002/206936/b0193s4/Unvanquished-206936/src/sgame/Beacon.cpp
2026-01-29 09:37:32,873 - Knowledge - INFO - [LLM_CALL] Completed: rocketFormControlInput.h:chunk1, Duration: 73217ms, PromptTokens: 3934, CompletionTokens: 529, Cost: $0.00060
2026-01-29 09:37:32,917 - Knowledge - INFO - done ingest for /app/data/T0002/206936/b0193s4/Unvanquished-206936/src/cgame/rocket/rocketFormControlInput.h
2026-01-29 09:37:33,494 - Knowledge - INFO - process ingested knowledge for /app/data/T0002/206936/b0193s4/Unvanquished-206936/src/sgame/sg_active.cpp
2026-01-29 09:37:33,515 - Knowledge - INFO - process ingested knowledge for /app/data/T0002/206936/b0193s4/Unvanquished-206936/src/cgame/cg_key_name.h
2026-01-29 09:37:34,237 - Knowledge - INFO - process ingested knowledge for /app/data/T0002/206936/b0193s4/Unvanquished-206936/src/sgame/sg_bot_nav.cpp
2026-01-29 09:37:34,297 - Knowledge - INFO - process ingested knowledge for /app/data/T0002/206936/b0193s4/Unvanquished-206936/src/sgame/sg_admin.h
2026-01-29 09:37:34,304 - Knowledge - INFO - process ingested knowledge for /app/data/T0002/206936/b0193s4/Unvanquished-206936/src/cgame/cg_draw.cpp
2026-01-29 09:37:35,199 - Knowledge - INFO - [WEBSOCKET] Sent: Type=progress_update, Size: 292, Duration: 0ms
2026-01-29 09:37:35,267 - Knowledge - INFO - [WEBSOCKET] Sent: Type=unknown, Size: ?, Duration: 68ms
2026-01-29 09:37:35,273 - Knowledge - INFO - Progress: 48.3% | Files: 158/327 | Rate: 0.60 files/sec | Queue: 105
2026-01-29 09:37:35,275 - Knowledge - INFO - process ingested knowledge for /app/data/T0002/206936/b0193s4/Unvanquished-206936/src/sgame/Entities.cpp
2026-01-29 09:37:36,456 - Knowledge - INFO - [LLM_CALL] Completed: sg_entities.h:chunk1, Duration: 262876ms, PromptTokens: 4458, CompletionTokens: 1158, Cost: $0.00091
2026-01-29 09:37:36,473 - Knowledge - INFO - done ingest for /app/data/T0002/206936/b0193s4/Unvanquished-206936/src/sgame/sg_entities.h
2026-01-29 09:37:36,917 - Knowledge - INFO - [kw9] Queue=105, InProgress=0, PendingWorkers=20/20, Completed=160/327 (48.9%)
2026-01-29 09:37:36,975 - Knowledge - INFO - process ingested knowledge for /app/data/T0002/206936/b0193s4/Unvanquished-206936/src/sgame/entities.yaml
2026-01-29 09:37:37,066 - Knowledge - INFO - process ingested knowledge for /app/data/T0002/206936/b0193s4/Unvanquished-206936/src/cgame/rocket/rocketConsoleTextElement.h
2026-01-29 09:37:37,085 - Knowledge - INFO - Batch sizing: calculated=5, max_allowed=10, queue=105, active_workers=20/20
2026-01-29 09:37:37,678 - Knowledge - INFO - [LLM_CALL] Completed: cg_animation.cpp:chunk1, Duration: 38998ms, PromptTokens: 4272, CompletionTokens: 431, Cost: $0.00060
2026-01-29 09:37:37,703 - Knowledge - INFO - done ingest for /app/data/T0002/206936/b0193s4/Unvanquished-206936/src/cgame/cg_animation.cpp
2026-01-29 09:37:37,870 - Knowledge - INFO - [LLM_CALL] Completed: sg_main.cpp:chunk2, Duration: 30081ms, PromptTokens: 20844, CompletionTokens: 668, Cost: $0.00235
2026-01-29 09:37:38,178 - Knowledge - INFO - process ingested knowledge for /app/data/T0002/206936/b0193s4/Unvanquished-206936/src/sgame/sg_public.h
2026-01-29 09:37:38,502 - Knowledge - INFO - [LLM_CALL] Completed: sg_api.cpp:chunk1, Duration: 264949ms, PromptTokens: 4962, CompletionTokens: 746, Cost: $0.00079
2026-01-29 09:37:38,503 - Knowledge - INFO - done ingest for /app/data/T0002/206936/b0193s4/Unvanquished-206936/src/sgame/sg_api.cpp
2026-01-29 09:37:40,048 - Knowledge - INFO - Async storing batch of 5 embeddings
2026-01-29 09:37:40,054 - Knowledge - INFO - Worker kw9 processing /app/data/T0002/206936/b0193s4/Unvanquished-206936/src/cgame/cg_rocket_progressbar.cpp
2026-01-29 09:37:40,170 - Knowledge - INFO - Worker kw9 processing /app/data/T0002/206936/b0193s4/Unvanquished-206936/src/cgame/cg_weapons.cpp
2026-01-29 09:37:40,310 - Knowledge - INFO - Worker kw9 processing /app/data/T0002/206936/b0193s4/Unvanquished-206936/src/cgame/cg_main.cpp
2026-01-29 09:37:40,454 - Knowledge - INFO - Worker kw9 processing /app/data/T0002/206936/b0193s4/Unvanquished-206936/src/cgame/cg_rocket_draw.cpp
2026-01-29 09:37:40,619 - Knowledge - INFO - Worker kw9 processing /app/data/T0002/206936/b0193s4/Unvanquished-206936/src/cgame/cg_segmented_skeleton.h
2026-01-29 09:37:42,647 - Knowledge - INFO - Split /app/data/T0002/206936/b0193s4/Unvanquished-206936/src/cgame/cg_rocket_draw.cpp (91973 bytes) into 3 chunks of ~32KB
2026-01-29 09:37:43,167 - Knowledge - INFO - [LLM_CALL] Completed: rocketDataSource.h:chunk1, Duration: 112407ms, PromptTokens: 4618, CompletionTokens: 888, Cost: $0.00082
2026-01-29 09:37:43,236 - Knowledge - INFO - Fast-tracked /app/data/T0002/206936/b0193s4/Unvanquished-206936/src/cgame/cg_segmented_skeleton.h (small file (2178 bytes))
2026-01-29 09:37:43,309 - Knowledge - INFO - done ingest for /app/data/T0002/206936/b0193s4/Unvanquished-206936/src/cgame/rocket/rocketDataSource.h
2026-01-29 09:37:43,383 - Knowledge - INFO - Async storage completed for 5 embeddings
2026-01-29 09:37:46,901 - Knowledge - INFO - Processing batch of 6 files
2026-01-29 09:37:46,988 - Knowledge - INFO - process ingested knowledge for /app/data/T0002/206936/b0193s4/Unvanquished-206936/src/sgame/sg_bot_parse.h
2026-01-29 09:37:47,248 - Knowledge - INFO - Processing batch of 5 files
2026-01-29 09:37:47,273 - Knowledge - INFO - process ingested knowledge for /app/data/T0002/206936/b0193s4/Unvanquished-206936/src/sgame/CBSE.h
2026-01-29 09:37:51,780 - Knowledge - INFO - [kw13] Queue=100, InProgress=0, PendingWorkers=20/20, Completed=166/327 (50.8%)
2026-01-29 09:37:51,785 - Knowledge - INFO - Batch sizing: calculated=4, max_allowed=10, queue=100, active_workers=20/20
2026-01-29 09:37:52,155 - Knowledge - INFO - [LLM_CALL] Completed: cg_players.cpp:chunk1, Duration: 53971ms, PromptTokens: 21518, CompletionTokens: 816, Cost: $0.00248
2026-01-29 09:37:53,203 - Knowledge - INFO - process ingested knowledge for /app/data/T0002/206936/b0193s4/Unvanquished-206936/src/sgame/sg_definitions.h
2026-01-29 09:37:55,922 - Knowledge - INFO - process ingested knowledge for /app/data/T0002/206936/b0193s4/Unvanquished-206936/src/sgame/sg_buildable.cpp
2026-01-29 09:37:55,942 - Knowledge - INFO - Async storing batch of 5 embeddings
2026-01-29 09:37:56,074 - Knowledge - INFO - [LLM_CALL] Completed: rocketKeyBinder.h:chunk1, Duration: 94087ms, PromptTokens: 4324, CompletionTokens: 628, Cost: $0.00068
2026-01-29 09:37:56,312 - Knowledge - INFO - done ingest for /app/data/T0002/206936/b0193s4/Unvanquished-206936/src/cgame/rocket/rocketKeyBinder.h
2026-01-29 09:37:56,313 - Knowledge - INFO - Worker kw13 processing /app/data/T0002/206936/b0193s4/Unvanquished-206936/src/cgame/cg_rocket_dataformatter.cpp
2026-01-29 09:37:56,549 - Knowledge - INFO - Worker kw13 processing /app/data/T0002/206936/b0193s4/Unvanquished-206936/src/shared/bot_nav_shared.cpp
2026-01-29 09:37:56,585 - Knowledge - INFO - [LLM_CALL] Completed: cg_api.cpp:chunk1, Duration: 84349ms, PromptTokens: 3446, CompletionTokens: 492, Cost: $0.00054
2026-01-29 09:37:56,586 - Knowledge - INFO - done ingest for /app/data/T0002/206936/b0193s4/Unvanquished-206936/src/cgame/cg_api.cpp
2026-01-29 09:37:56,636 - Knowledge - INFO - Worker kw13 processing /app/data/T0002/206936/b0193s4/Unvanquished-206936/src/shared/bg_lua.h
2026-01-29 09:37:56,654 - Knowledge - INFO - Fast-tracked /app/data/T0002/206936/b0193s4/Unvanquished-206936/src/shared/bg_lua.h (ext=.h, size=1678)
2026-01-29 09:37:56,709 - Knowledge - INFO - Worker kw13 processing /app/data/T0002/206936/b0193s4/Unvanquished-206936/src/shared/bg_pmove.cpp
2026-01-29 09:37:56,780 - Knowledge - INFO - Fast-tracked /app/data/T0002/206936/b0193s4/Unvanquished-206936/src/shared/bg_pmove.cpp (ext=.cpp, size=120848)
2026-01-29 09:37:57,259 - Knowledge - INFO - process ingested knowledge for /app/data/T0002/206936/b0193s4/Unvanquished-206936/src/sgame/sg_votes.cpp
2026-01-29 09:37:57,342 - Knowledge - INFO - [LLM_CALL] Completed: rocketColorInput.h:chunk1, Duration: 125062ms, PromptTokens: 2778, CompletionTokens: 606, Cost: $0.00052
2026-01-29 09:37:57,456 - Knowledge - INFO - Async storage completed for 5 embeddings
2026-01-29 09:37:57,464 - Knowledge - INFO - done ingest for /app/data/T0002/206936/b0193s4/Unvanquished-206936/src/cgame/rocket/rocketColorInput.h
2026-01-29 09:37:58,653 - Knowledge - INFO - [LLM_CALL] Completed: rocketCvarInlineElement.h:chunk1, Duration: 100039ms, PromptTokens: 2708, CompletionTokens: 389, Cost: $0.00043
2026-01-29 09:37:58,654 - Knowledge - INFO - done ingest for /app/data/T0002/206936/b0193s4/Unvanquished-206936/src/cgame/rocket/rocketCvarInlineElement.h
2026-01-29 09:37:59,178 - Knowledge - INFO - process ingested knowledge for /app/data/T0002/206936/b0193s4/Unvanquished-206936/src/sgame/sg_bot_local.h
2026-01-29 09:37:59,790 - Knowledge - INFO - process ingested knowledge for /app/data/T0002/206936/b0193s4/Unvanquished-206936/src/sgame/sg_spawn_mover.cpp
2026-01-29 09:38:01,398 - Knowledge - INFO - [LLM_CALL] Completed: cg_animdelta.cpp:chunk1, Duration: 36145ms, PromptTokens: 2962, CompletionTokens: 471, Cost: $0.00048
2026-01-29 09:38:01,413 - Knowledge - INFO - done ingest for /app/data/T0002/206936/b0193s4/Unvanquished-206936/src/cgame/cg_animdelta.cpp
2026-01-29 09:38:02,181 - Knowledge - INFO - [LLM_CALL] Completed: rocketFormControlSelect.h:chunk1, Duration: 101898ms, PromptTokens: 3156, CompletionTokens: 835, Cost: $0.00065
2026-01-29 09:38:02,196 - Knowledge - INFO - done ingest for /app/data/T0002/206936/b0193s4/Unvanquished-206936/src/cgame/rocket/rocketFormControlSelect.h
2026-01-29 09:38:02,214 - Knowledge - INFO - process ingested knowledge for /app/data/T0002/206936/b0193s4/Unvanquished-206936/src/sgame/sg_session.cpp
2026-01-29 09:38:03,703 - Knowledge - INFO - process ingested knowledge for /app/data/T0002/206936/b0193s4/Unvanquished-206936/src/sgame/sg_utils.cpp
2026-01-29 09:38:05,774 - Knowledge - INFO - process ingested knowledge for /app/data/T0002/206936/b0193s4/Unvanquished-206936/src/sgame/sg_bot_util.h
2026-01-29 09:38:05,854 - Knowledge - INFO - [WEBSOCKET] Sent: Type=progress_update, Size: 292, Duration: 0ms
2026-01-29 09:38:06,117 - Knowledge - INFO - [WEBSOCKET] Sent: Type=unknown, Size: ?, Duration: 263ms
2026-01-29 09:38:06,117 - Knowledge - INFO - Progress: 50.8% | Files: 166/327 | Rate: 0.57 files/sec | Queue: 96
2026-01-29 09:38:07,916 - Knowledge - INFO - [kw17] Queue=96, InProgress=0, PendingWorkers=20/20, Completed=167/327 (51.1%)
2026-01-29 09:38:08,212 - Knowledge - INFO - Batch sizing: calculated=4, max_allowed=10, queue=96, active_workers=20/20
2026-01-29 09:38:09,673 - Knowledge - INFO - [kw6] Queue=96, InProgress=0, PendingWorkers=20/20, Completed=167/327 (51.1%)
2026-01-29 09:38:09,764 - Knowledge - INFO - process ingested knowledge for /app/data/T0002/206936/b0193s4/Unvanquished-206936/src/sgame/sg_cm_world.cpp
2026-01-29 09:38:09,771 - Knowledge - INFO - Batch sizing: calculated=4, max_allowed=10, queue=96, active_workers=20/20
2026-01-29 09:38:10,805 - Knowledge - INFO - Async storing batch of 6 embeddings
2026-01-29 09:38:10,994 - Knowledge - INFO - Worker kw17 processing /app/data/T0002/206936/b0193s4/Unvanquished-206936/src/shared/bg_alloc.cpp
2026-01-29 09:38:11,050 - Knowledge - INFO - [kw1] Queue=92, InProgress=0, PendingWorkers=20/20, Completed=168/327 (51.4%)
2026-01-29 09:38:11,050 - Knowledge - INFO - Batch sizing: calculated=4, max_allowed=10, queue=92, active_workers=20/20
2026-01-29 09:38:11,160 - Knowledge - INFO - Async storing batch of 5 embeddings
2026-01-29 09:38:11,203 - Knowledge - INFO - Fast-tracked /app/data/T0002/206936/b0193s4/Unvanquished-206936/src/shared/bg_alloc.cpp (ext=.cpp, size=1896)
2026-01-29 09:38:11,203 - Knowledge - INFO - Worker kw17 processing /app/data/T0002/206936/b0193s4/Unvanquished-206936/src/shared/bg_parse.cpp
2026-01-29 09:38:11,315 - Knowledge - INFO - Worker kw17 processing /app/data/T0002/206936/b0193s4/Unvanquished-206936/src/shared/parse.cpp
2026-01-29 09:38:11,341 - Knowledge - INFO - [LLM_CALL] Completed: cg_tutorial.cpp:chunk1, Duration: 60393ms, PromptTokens: 10430, CompletionTokens: 791, Cost: $0.00136
2026-01-29 09:38:11,415 - Knowledge - INFO - done ingest for /app/data/T0002/206936/b0193s4/Unvanquished-206936/src/cgame/cg_tutorial.cpp
2026-01-29 09:38:11,483 - Knowledge - INFO - Worker kw17 processing /app/data/T0002/206936/b0193s4/Unvanquished-206936/src/shared/lua/Buildables.cpp
2026-01-29 09:38:11,579 - Knowledge - INFO - Worker kw6 processing /app/data/T0002/206936/b0193s4/Unvanquished-206936/src/shared/lua/Classes.h
2026-01-29 09:38:11,737 - Knowledge - INFO - Worker kw6 processing /app/data/T0002/206936/b0193s4/Unvanquished-206936/src/shared/lua/Upgrades.cpp
2026-01-29 09:38:12,190 - Knowledge - INFO - Worker kw6 processing /app/data/T0002/206936/b0193s4/Unvanquished-206936/src/shared/lua/Utils.cpp
2026-01-29 09:38:12,217 - Knowledge - INFO - Worker kw6 processing /app/data/T0002/206936/b0193s4/Unvanquished-206936/src/shared/lua/Timer.cpp
2026-01-29 09:38:12,577 - Knowledge - INFO - [LLM_CALL] Completed: cg_marks.cpp:chunk1, Duration: 109176ms, PromptTokens: 5954, CompletionTokens: 625, Cost: $0.00085
2026-01-29 09:38:12,615 - Knowledge - INFO - done ingest for /app/data/T0002/206936/b0193s4/Unvanquished-206936/src/cgame/cg_marks.cpp
2026-01-29 09:38:12,671 - Knowledge - INFO - Async storing batch of 6 embeddings
2026-01-29 09:38:12,718 - Knowledge - INFO - Worker kw1 processing /app/data/T0002/206936/b0193s4/Unvanquished-206936/src/shared/lua/Weapons.cpp
2026-01-29 09:38:12,871 - Knowledge - INFO - Worker kw1 processing /app/data/T0002/206936/b0193s4/Unvanquished-206936/src/shared/lua/Upgrades.h
2026-01-29 09:38:12,898 - Knowledge - INFO - Fast-tracked /app/data/T0002/206936/b0193s4/Unvanquished-206936/src/shared/lua/Classes.h (small file (2191 bytes))
2026-01-29 09:38:12,971 - Knowledge - INFO - Worker kw1 processing /app/data/T0002/206936/b0193s4/Unvanquished-206936/src/shared/lua/Cmd.cpp
2026-01-29 09:38:13,608 - Knowledge - INFO - [LLM_CALL] Completed: sg_weapon.cpp:chunk1, Duration: 299630ms, PromptTokens: 25720, CompletionTokens: 1918, Cost: $0.00334
2026-01-29 09:38:13,608 - Knowledge - INFO - done ingest for /app/data/T0002/206936/b0193s4/Unvanquished-206936/src/sgame/sg_weapon.cpp
2026-01-29 09:38:13,636 - Knowledge - INFO - Fast-tracked /app/data/T0002/206936/b0193s4/Unvanquished-206936/src/shared/lua/Cmd.cpp (ext=.cpp, size=1955)
2026-01-29 09:38:13,684 - Knowledge - INFO - Worker kw1 processing /app/data/T0002/206936/b0193s4/Unvanquished-206936/src/shared/lua/Buildables.h
2026-01-29 09:38:13,685 - Knowledge - INFO - Split /app/data/T0002/206936/b0193s4/Unvanquished-206936/src/shared/parse.cpp (94358 bytes) into 3 chunks of ~32KB
2026-01-29 09:38:13,943 - Knowledge - INFO - [kw7] Queue=84, InProgress=0, PendingWorkers=20/20, Completed=169/327 (51.7%)
2026-01-29 09:38:13,985 - Knowledge - INFO - Batch sizing: calculated=4, max_allowed=10, queue=84, active_workers=20/20
2026-01-29 09:38:15,780 - Knowledge - INFO - Fast-tracked /app/data/T0002/206936/b0193s4/Unvanquished-206936/src/shared/lua/Upgrades.h (small file (2193 bytes))
2026-01-29 09:38:16,083 - Knowledge - INFO - Fast-tracked /app/data/T0002/206936/b0193s4/Unvanquished-206936/src/shared/lua/Timer.cpp (small file (2911 bytes))
2026-01-29 09:38:16,086 - Knowledge - INFO - Async storage completed for 6 embeddings
2026-01-29 09:38:16,242 - Knowledge - INFO - Fast-tracked /app/data/T0002/206936/b0193s4/Unvanquished-206936/src/shared/lua/Buildables.h (small file (2215 bytes))
2026-01-29 09:38:16,341 - Knowledge - INFO - Async storage completed for 5 embeddings
2026-01-29 09:38:16,584 - Knowledge - INFO - Async storing batch of 5 embeddings
2026-01-29 09:38:17,660 - Knowledge - INFO - Async storage completed for 6 embeddings
2026-01-29 09:38:18,538 - Knowledge - INFO - Worker kw7 processing /app/data/T0002/206936/b0193s4/Unvanquished-206936/src/shared/lua/Cvar.cpp
2026-01-29 09:38:18,578 - Knowledge - INFO - Worker kw7 processing /app/data/T0002/206936/b0193s4/Unvanquished-206936/src/shared/lua/Weapons.h
2026-01-29 09:38:18,673 - Knowledge - INFO - [kw19] Queue=80, InProgress=0, PendingWorkers=20/20, Completed=170/327 (52.0%)
2026-01-29 09:38:18,746 - Knowledge - INFO - Worker kw7 processing /app/data/T0002/206936/b0193s4/Unvanquished-206936/src/shared/lua/register_lua_extensions.h
2026-01-29 09:38:19,036 - Knowledge - INFO - Batch sizing: calculated=4, max_allowed=10, queue=80, active_workers=20/20
2026-01-29 09:38:19,245 - Knowledge - INFO - [LLM_CALL] Completed: sg_main.cpp:chunk3, Duration: 41323ms, PromptTokens: 5432, CompletionTokens: 958, Cost: $0.00093
2026-01-29 09:38:19,258 - Knowledge - INFO - Fast-tracked /app/data/T0002/206936/b0193s4/Unvanquished-206936/src/shared/lua/register_lua_extensions.h (ext=.h, size=1894)
2026-01-29 09:38:19,484 - Knowledge - INFO - done ingest for /app/data/T0002/206936/b0193s4/Unvanquished-206936/src/sgame/sg_main.cpp
2026-01-29 09:38:19,570 - Knowledge - INFO - Worker kw7 processing /app/data/T0002/206936/b0193s4/Unvanquished-206936/src/shared/lua/Utils.h
2026-01-29 09:38:20,402 - Knowledge - INFO - Fast-tracked /app/data/T0002/206936/b0193s4/Unvanquished-206936/src/shared/lua/Cvar.cpp (small file (2398 bytes))
2026-01-29 09:38:20,614 - Knowledge - INFO - Fast-tracked /app/data/T0002/206936/b0193s4/Unvanquished-206936/src/shared/lua/Weapons.h (small file (2181 bytes))
2026-01-29 09:38:21,273 - Knowledge - INFO - Fast-tracked /app/data/T0002/206936/b0193s4/Unvanquished-206936/src/shared/lua/Utils.h (small file (2102 bytes))
2026-01-29 09:38:21,372 - Knowledge - INFO - Async storage completed for 5 embeddings
2026-01-29 09:38:21,737 - Knowledge - INFO - Processing batch of 5 files
2026-01-29 09:38:21,751 - Knowledge - INFO - process ingested knowledge for /app/data/T0002/206936/b0193s4/Unvanquished-206936/src/cgame/rocket/rocketCvarInlineElement.h
2026-01-29 09:38:21,772 - Knowledge - INFO - Async storing batch of 6 embeddings
2026-01-29 09:38:21,952 - Knowledge - INFO - Worker kw19 processing /app/data/T0002/206936/b0193s4/Unvanquished-206936/src/shared/lua/LuaLib.h
2026-01-29 09:38:21,973 - Knowledge - INFO - Worker kw19 processing /app/data/T0002/206936/b0193s4/Unvanquished-206936/src/shared/lua/Classes.cpp
2026-01-29 09:38:22,088 - Knowledge - INFO - Worker kw19 processing /app/data/T0002/206936/b0193s4/Unvanquished-206936/src/shared/Clustering.h
2026-01-29 09:38:22,363 - Knowledge - INFO - Worker kw19 processing /app/data/T0002/206936/b0193s4/Unvanquished-206936/src/shared/bg_gameplay.h
2026-01-29 09:38:23,669 - Knowledge - INFO - process ingested knowledge for /app/data/T0002/206936/b0193s4/Unvanquished-206936/src/cgame/rocket/rocketFormControlInput.h
2026-01-29 09:38:23,704 - Knowledge - INFO - [WEBSOCKET] Sent: Type=progress_update, Size: 289, Duration: 0ms
2026-01-29 09:38:23,736 - Knowledge - INFO - [WEBSOCKET] Sent: Type=unknown, Size: ?, Duration: 33ms
2026-01-29 09:38:23,761 - Knowledge - INFO - Progress: 52.9% | Files: 174/327 | Rate: 0.56 files/sec | Queue: 76
2026-01-29 09:38:23,782 - Knowledge - INFO - process ingested knowledge for /app/data/T0002/206936/b0193s4/Unvanquished-206936/src/cgame/rocket/rocketFormControlSelect.h
2026-01-29 09:38:23,871 - Knowledge - INFO - [kw14] Queue=76, InProgress=0, PendingWorkers=20/20, Completed=174/327 (53.2%)
2026-01-29 09:38:24,078 - Knowledge - INFO - process ingested knowledge for /app/data/T0002/206936/b0193s4/Unvanquished-206936/src/cgame/rocket/rocketKeyBinder.h
2026-01-29 09:38:24,186 - Knowledge - INFO - Batch sizing: calculated=4, max_allowed=10, queue=76, active_workers=20/20
2026-01-29 09:38:24,187 - Knowledge - INFO - Async storing batch of 5 embeddings
2026-01-29 09:38:24,336 - Knowledge - INFO - process ingested knowledge for /app/data/T0002/206936/b0193s4/Unvanquished-206936/src/cgame/rocket/rocketEventInstancer.h
2026-01-29 09:38:24,386 - Knowledge - INFO - Worker kw14 processing /app/data/T0002/206936/b0193s4/Unvanquished-206936/src/shared/parse.h
2026-01-29 09:38:24,559 - Knowledge - INFO - Worker kw14 processing /app/data/T0002/206936/b0193s4/Unvanquished-206936/src/shared/bg_gameplay.cpp
2026-01-29 09:38:24,987 - Knowledge - INFO - Worker kw14 processing /app/data/T0002/206936/b0193s4/Unvanquished-206936/src/shared/bot_nav_shared.h
2026-01-29 09:38:25,105 - Knowledge - INFO - Async storage completed for 6 embeddings
2026-01-29 09:38:25,251 - Knowledge - INFO - Worker kw14 processing /app/data/T0002/206936/b0193s4/Unvanquished-206936/src/shared/bg_misc.cpp
2026-01-29 09:38:26,097 - Knowledge - INFO - Fast-tracked /app/data/T0002/206936/b0193s4/Unvanquished-206936/src/shared/parse.h (small file (3018 bytes))
2026-01-29 09:38:26,469 - Knowledge - INFO - [LLM_CALL] Completed: rocket.cpp:chunk1, Duration: 157588ms, PromptTokens: 11604, CompletionTokens: 1245, Cost: $0.00166
2026-01-29 09:38:26,494 - Knowledge - INFO - done ingest for /app/data/T0002/206936/b0193s4/Unvanquished-206936/src/cgame/rocket/rocket.cpp
2026-01-29 09:38:28,565 - Knowledge - INFO - Async storage completed for 5 embeddings
2026-01-29 09:38:29,152 - Knowledge - INFO - Processing batch of 4 files
2026-01-29 09:38:29,153 - Knowledge - INFO - process ingested knowledge for /app/data/T0002/206936/b0193s4/Unvanquished-206936/src/shared/lua/Cvar.cpp
2026-01-29 09:38:29,242 - Knowledge - INFO - Processing batch of 5 files
2026-01-29 09:38:29,263 - Knowledge - INFO - process ingested knowledge for /app/data/T0002/206936/b0193s4/Unvanquished-206936/src/sgame/CustomSurfaceFlags.h
2026-01-29 09:38:30,492 - Knowledge - INFO - process ingested knowledge for /app/data/T0002/206936/b0193s4/Unvanquished-206936/src/shared/lua/Weapons.h
2026-01-29 09:38:30,552 - Knowledge - INFO - [LLM_CALL] Completed: cg_rocket_events.cpp:chunk1, Duration: 81464ms, PromptTokens: 5378, CompletionTokens: 1074, Cost: $0.00097
2026-01-29 09:38:30,656 - Knowledge - INFO - done ingest for /app/data/T0002/206936/b0193s4/Unvanquished-206936/src/cgame/cg_rocket_events.cpp
2026-01-29 09:38:31,710 - Knowledge - INFO - process ingested knowledge for /app/data/T0002/206936/b0193s4/Unvanquished-206936/src/sgame/sg_bot.cpp
2026-01-29 09:38:31,871 - Knowledge - INFO - process ingested knowledge for /app/data/T0002/206936/b0193s4/Unvanquished-206936/src/shared/lua/register_lua_extensions.h
2026-01-29 09:38:32,036 - Knowledge - INFO - [WEBSOCKET] Sent: Type=progress_update, Size: 291, Duration: 0ms
2026-01-29 09:38:32,060 - Knowledge - INFO - process ingested knowledge for /app/data/T0002/206936/b0193s4/Unvanquished-206936/src/sgame/sg_spawn_generic.cpp
2026-01-29 09:38:32,093 - Knowledge - INFO - [WEBSOCKET] Sent: Type=unknown, Size: ?, Duration: 57ms
2026-01-29 09:38:32,259 - Knowledge - INFO - Progress: 56.0% | Files: 184/327 | Rate: 0.58 files/sec | Queue: 72
2026-01-29 09:38:33,379 - Knowledge - INFO - [LLM_CALL] Completed: cg_rocket.cpp:chunk1, Duration: 105615ms, PromptTokens: 10476, CompletionTokens: 700, Cost: $0.00133
2026-01-29 09:38:33,380 - Knowledge - INFO - done ingest for /app/data/T0002/206936/b0193s4/Unvanquished-206936/src/cgame/cg_rocket.cpp
2026-01-29 09:38:33,563 - Knowledge - INFO - process ingested knowledge for /app/data/T0002/206936/b0193s4/Unvanquished-206936/src/shared/lua/Utils.h
2026-01-29 09:38:33,589 - Knowledge - INFO - process ingested knowledge for /app/data/T0002/206936/b0193s4/Unvanquished-206936/src/sgame/sg_entities.cpp
2026-01-29 09:38:34,056 - Knowledge - INFO - [kw20] Queue=72, InProgress=0, PendingWorkers=20/20, Completed=185/327 (56.6%)
2026-01-29 09:38:34,169 - Knowledge - INFO - Batch sizing: calculated=4, max_allowed=10, queue=72, active_workers=20/20
2026-01-29 09:38:34,249 - Knowledge - WARNING - Timeout processing /app/data/T0002/206936/b0193s4/Unvanquished-206936/src/sgame/sg_bot_ai.cpp after 90s - using fallback metadata
2026-01-29 09:38:34,283 - Knowledge - WARNING - Timeout processing /app/data/T0002/206936/b0193s4/Unvanquished-206936/src/sgame/sg_maprotation.cpp after 90s - using fallback metadata
2026-01-29 09:38:34,298 - Knowledge - INFO - Processing batch of 5 files
2026-01-29 09:38:34,303 - Knowledge - INFO - process ingested knowledge for /app/data/T0002/206936/b0193s4/Unvanquished-206936/src/cgame/rocket/rocket.cpp
2026-01-29 09:38:34,701 - Knowledge - INFO - [LLM_CALL] Completed: cg_players.cpp:chunk2, Duration: 42459ms, PromptTokens: 22586, CompletionTokens: 829, Cost: $0.00259
2026-01-29 09:38:35,183 - Knowledge - INFO - process ingested knowledge for /app/data/T0002/206936/b0193s4/Unvanquished-206936/src/sgame/sg_main.cpp
2026-01-29 09:38:35,246 - Knowledge - INFO - process ingested knowledge for /app/data/T0002/206936/b0193s4/Unvanquished-206936/src/cgame/rocket/rocket_hud.cpp
2026-01-29 09:38:35,246 - Knowledge - INFO - Async storing batch of 6 embeddings
2026-01-29 09:38:35,392 - Knowledge - INFO - [kw8] Queue=68, InProgress=0, PendingWorkers=20/20, Completed=186/327 (56.9%)
2026-01-29 09:38:35,548 - Knowledge - INFO - Worker kw20 processing /app/data/T0002/206936/b0193s4/Unvanquished-206936/src/shared/bg_teamprogress.cpp
2026-01-29 09:38:35,710 - Knowledge - INFO - Batch sizing: calculated=4, max_allowed=10, queue=68, active_workers=20/20
2026-01-29 09:38:35,838 - Knowledge - INFO - Worker kw20 processing /app/data/T0002/206936/b0193s4/Unvanquished-206936/src/shared/bg_utilities.cpp
2026-01-29 09:38:35,915 - Knowledge - INFO - Worker kw20 processing /app/data/T0002/206936/b0193s4/Unvanquished-206936/src/shared/bg_public.h
2026-01-29 09:38:36,070 - Knowledge - WARNING - Timeout processing /app/data/T0002/206936/b0193s4/Unvanquished-206936/src/cgame/cg_parseutils.cpp after 90s - using fallback metadata
2026-01-29 09:38:36,071 - Knowledge - WARNING - Timeout processing /app/data/T0002/206936/b0193s4/Unvanquished-206936/src/cgame/cg_snapshot.cpp after 90s - using fallback metadata
2026-01-29 09:38:36,083 - Knowledge - INFO - Worker kw20 processing /app/data/T0002/206936/b0193s4/Unvanquished-206936/src/shared/bg_lua.cpp
2026-01-29 09:38:36,084 - Knowledge - WARNING - Timeout processing /app/data/T0002/206936/b0193s4/Unvanquished-206936/src/cgame/cg_segmented_skeleton.cpp after 90s - using fallback metadata
2026-01-29 09:38:36,118 - Knowledge - WARNING - Timeout processing /app/data/T0002/206936/b0193s4/Unvanquished-206936/src/cgame/cg_players.cpp after 90s - using fallback metadata
2026-01-29 09:38:36,824 - Knowledge - INFO - process ingested knowledge for /app/data/T0002/206936/b0193s4/Unvanquished-206936/src/cgame/rocket/rocketDataSource.h
2026-01-29 09:38:37,975 - Knowledge - INFO - Async storing batch of 5 embeddings
2026-01-29 09:38:37,989 - Knowledge - INFO - [LLM_CALL] Completed: Weapons.cpp:chunk1, Duration: 23468ms, PromptTokens: 3484, CompletionTokens: 386, Cost: $0.00050
2026-01-29 09:38:38,001 - Knowledge - INFO - Worker kw8 processing /app/data/T0002/206936/b0193s4/Unvanquished-206936/src/shared/navgen/nav.cpp
2026-01-29 09:38:38,009 - Knowledge - INFO - process ingested knowledge for /app/data/T0002/206936/b0193s4/Unvanquished-206936/src/cgame/rocket/rocket_events.cpp
2026-01-29 09:38:38,170 - Knowledge - INFO - done ingest for /app/data/T0002/206936/b0193s4/Unvanquished-206936/src/shared/lua/Weapons.cpp
2026-01-29 09:38:38,363 - Knowledge - INFO - Worker kw8 processing /app/data/T0002/206936/b0193s4/Unvanquished-206936/src/shared/navgen/brush.cpp
2026-01-29 09:38:38,463 - Knowledge - INFO - Worker kw8 processing /app/data/T0002/206936/b0193s4/Unvanquished-206936/src/shared/navgen/navgen.h
2026-01-29 09:38:38,498 - Knowledge - INFO - Worker kw8 processing /app/data/T0002/206936/b0193s4/Unvanquished-206936/src/shared/bg_voice.cpp
2026-01-29 09:38:38,746 - Knowledge - INFO - Async storage completed for 6 embeddings
2026-01-29 09:38:39,438 - Knowledge - INFO - process ingested knowledge for /app/data/T0002/206936/b0193s4/Unvanquished-206936/src/cgame/rocket/rocketColorInput.h
2026-01-29 09:38:40,882 - Knowledge - INFO - [LLM_CALL] Completed: cg_rocket_dataformatter.cpp:chunk1, Duration: 43944ms, PromptTokens: 4292, CompletionTokens: 695, Cost: $0.00071
2026-01-29 09:38:40,887 - Knowledge - INFO - done ingest for /app/data/T0002/206936/b0193s4/Unvanquished-206936/src/cgame/cg_rocket_dataformatter.cpp
2026-01-29 09:38:41,790 - Knowledge - INFO - Async storage completed for 5 embeddings
2026-01-29 09:38:45,615 - Knowledge - INFO - [LLM_CALL] Completed: bot_nav_shared.cpp:chunk1, Duration: 48355ms, PromptTokens: 5042, CompletionTokens: 502, Cost: $0.00071
2026-01-29 09:38:45,621 - Knowledge - INFO - done ingest for /app/data/T0002/206936/b0193s4/Unvanquished-206936/src/shared/bot_nav_shared.cpp
2026-01-29 09:38:47,050 - Knowledge - INFO - [WEBSOCKET] Sent: Type=progress_update, Size: 292, Duration: 0ms
2026-01-29 09:38:47,105 - Knowledge - INFO - [WEBSOCKET] Sent: Type=unknown, Size: ?, Duration: 56ms
2026-01-29 09:38:47,106 - Knowledge - INFO - Progress: 60.6% | Files: 198/327 | Rate: 0.59 files/sec | Queue: 64
2026-01-29 09:38:47,593 - Knowledge - INFO - Processing batch of 5 files
2026-01-29 09:38:47,673 - Knowledge - INFO - process ingested knowledge for /app/data/T0002/206936/b0193s4/Unvanquished-206936/src/cgame/cg_players.cpp
2026-01-29 09:38:48,843 - Knowledge - INFO - [kw7] Queue=64, InProgress=0, PendingWorkers=20/20, Completed=199/327 (60.9%)
2026-01-29 09:38:48,844 - Knowledge - INFO - Batch sizing: calculated=4, max_allowed=10, queue=64, active_workers=20/20
2026-01-29 09:38:48,915 - Knowledge - INFO - process ingested knowledge for /app/data/T0002/206936/b0193s4/Unvanquished-206936/src/cgame/cg_animation.cpp
2026-01-29 09:38:49,015 - Knowledge - INFO - Async storing batch of 4 embeddings
2026-01-29 09:38:49,037 - Knowledge - INFO - Worker kw7 processing /app/data/T0002/206936/b0193s4/Unvanquished-206936/rmlui.cmake
2026-01-29 09:38:49,142 - Knowledge - INFO - Worker kw7 processing /app/data/T0002/206936/b0193s4/Unvanquished-206936/pkg/unvanquished_src.dpkdir/ui/lua/util.lua
2026-01-29 09:38:49,184 - Knowledge - INFO - process ingested knowledge for /app/data/T0002/206936/b0193s4/Unvanquished-206936/src/cgame/cg_snapshot.cpp
2026-01-29 09:38:49,265 - Knowledge - INFO - Processing batch of 6 files
2026-01-29 09:38:49,266 - Knowledge - INFO - Worker kw7 processing /app/data/T0002/206936/b0193s4/Unvanquished-206936/pkg/unvanquished_src.dpkdir/ui/rocket.txt
2026-01-29 09:38:49,273 - Knowledge - INFO - process ingested knowledge for /app/data/T0002/206936/b0193s4/Unvanquished-206936/src/sgame/sg_bot_ai.cpp
2026-01-29 09:38:49,313 - Knowledge - INFO - Processing batch of 4 files
2026-01-29 09:38:49,438 - Knowledge - INFO - Fast-tracked /app/data/T0002/206936/b0193s4/Unvanquished-206936/pkg/unvanquished_src.dpkdir/ui/rocket.txt (ext=.txt, size=2561)
2026-01-29 09:38:49,508 - Knowledge - INFO - process ingested knowledge for /app/data/T0002/206936/b0193s4/Unvanquished-206936/src/shared/lua/Weapons.cpp
2026-01-29 09:38:49,557 - Knowledge - INFO - Worker kw7 processing /app/data/T0002/206936/b0193s4/Unvanquished-206936/pkg/unvanquished_src.dpkdir/ui/assets/icons/LICENSE.md
2026-01-29 09:38:49,785 - Knowledge - INFO - [LLM_CALL] Completed: cg_rocket_progressbar.cpp:chunk1, Duration: 68869ms, PromptTokens: 4634, CompletionTokens: 671, Cost: $0.00073
2026-01-29 09:38:49,887 - Knowledge - INFO - done ingest for /app/data/T0002/206936/b0193s4/Unvanquished-206936/src/cgame/cg_rocket_progressbar.cpp
2026-01-29 09:38:49,937 - Knowledge - INFO - Fast-tracked /app/data/T0002/206936/b0193s4/Unvanquished-206936/pkg/unvanquished_src.dpkdir/ui/assets/icons/LICENSE.md (ext=.md, size=477)
2026-01-29 09:38:50,244 - Knowledge - INFO - [kw12] Queue=60, InProgress=0, PendingWorkers=20/20, Completed=202/327 (61.8%)
2026-01-29 09:38:50,263 - Knowledge - INFO - process ingested knowledge for /app/data/T0002/206936/b0193s4/Unvanquished-206936/src/cgame/cg_segmented_skeleton.cpp
2026-01-29 09:38:50,263 - Knowledge - INFO - Batch sizing: calculated=4, max_allowed=10, queue=60, active_workers=20/20
2026-01-29 09:38:50,402 - Knowledge - INFO - process ingested knowledge for /app/data/T0002/206936/b0193s4/Unvanquished-206936/src/shared/lua/Upgrades.h
2026-01-29 09:38:50,510 - Knowledge - INFO - process ingested knowledge for /app/data/T0002/206936/b0193s4/Unvanquished-206936/src/sgame/sg_maprotation.cpp
2026-01-29 09:38:50,515 - Knowledge - INFO - Async storing batch of 5 embeddings
2026-01-29 09:38:50,636 - Knowledge - INFO - process ingested knowledge for /app/data/T0002/206936/b0193s4/Unvanquished-206936/src/shared/lua/Cmd.cpp
2026-01-29 09:38:50,692 - Knowledge - INFO - process ingested knowledge for /app/data/T0002/206936/b0193s4/Unvanquished-206936/src/cgame/cg_parseutils.cpp
2026-01-29 09:38:50,765 - Knowledge - INFO - process ingested knowledge for /app/data/T0002/206936/b0193s4/Unvanquished-206936/src/sgame/sg_api.cpp
2026-01-29 09:38:50,801 - Knowledge - INFO - Worker kw12 processing /app/data/T0002/206936/b0193s4/Unvanquished-206936/pkg/unvanquished_src.dpkdir/ui/rockethud.txt
2026-01-29 09:38:50,839 - Knowledge - INFO - [LLM_CALL] Completed: cg_beacon.cpp:chunk1, Duration: 123727ms, PromptTokens: 14298, CompletionTokens: 1189, Cost: $0.00191
2026-01-29 09:38:51,498 - Knowledge - INFO - Fast-tracked /app/data/T0002/206936/b0193s4/Unvanquished-206936/pkg/unvanquished_src.dpkdir/ui/rockethud.txt (ext=.txt, size=1492)
2026-01-29 09:38:51,516 - Knowledge - INFO - done ingest for /app/data/T0002/206936/b0193s4/Unvanquished-206936/src/cgame/cg_beacon.cpp
2026-01-29 09:38:51,557 - Knowledge - INFO - Processing batch of 4 files
2026-01-29 09:38:51,651 - Knowledge - INFO - Worker kw12 processing /app/data/T0002/206936/b0193s4/Unvanquished-206936/pkg/unvanquished_src.dpkdir/GPL.txt
2026-01-29 09:38:51,705 - Knowledge - INFO - process ingested knowledge for /app/data/T0002/206936/b0193s4/Unvanquished-206936/src/cgame/cg_rocket_dataformatter.cpp
2026-01-29 09:38:52,050 - Knowledge - INFO - Fast-tracked /app/data/T0002/206936/b0193s4/Unvanquished-206936/pkg/unvanquished_src.dpkdir/GPL.txt (ext=.txt, size=35839)
2026-01-29 09:38:52,080 - Knowledge - INFO - Async storage completed for 4 embeddings
2026-01-29 09:38:52,091 - Knowledge - INFO - [LLM_CALL] Completed: Utils.cpp:chunk1, Duration: 36442ms, PromptTokens: 2648, CompletionTokens: 578, Cost: $0.00050
2026-01-29 09:38:52,249 - Knowledge - INFO - process ingested knowledge for /app/data/T0002/206936/b0193s4/Unvanquished-206936/src/shared/lua/Buildables.h
2026-01-29 09:38:52,305 - Knowledge - INFO - process ingested knowledge for /app/data/T0002/206936/b0193s4/Unvanquished-206936/src/sgame/sg_entities.h
2026-01-29 09:38:52,581 - Knowledge - INFO - Worker kw12 processing /app/data/T0002/206936/b0193s4/Unvanquished-206936/pkg/unvanquished_src.dpkdir/gfx/feedback/bottactic/license.md
2026-01-29 09:38:52,611 - Knowledge - INFO - done ingest for /app/data/T0002/206936/b0193s4/Unvanquished-206936/src/shared/lua/Utils.cpp
2026-01-29 09:38:52,660 - Knowledge - INFO - Fast-tracked /app/data/T0002/206936/b0193s4/Unvanquished-206936/pkg/unvanquished_src.dpkdir/gfx/feedback/bottactic/license.md (ext=.md, size=2648)
2026-01-29 09:38:53,096 - Knowledge - INFO - Worker kw12 processing /app/data/T0002/206936/b0193s4/Unvanquished-206936/pkg/unvanquished_src.dpkdir/gfx/feedback/vsay/license.md
2026-01-29 09:38:53,215 - Knowledge - INFO - Fast-tracked /app/data/T0002/206936/b0193s4/Unvanquished-206936/pkg/unvanquished_src.dpkdir/gfx/feedback/vsay/license.md (ext=.md, size=3071)
2026-01-29 09:38:53,253 - Knowledge - INFO - Async storage completed for 5 embeddings
2026-01-29 09:38:53,580 - Knowledge - INFO - process ingested knowledge for /app/data/T0002/206936/b0193s4/Unvanquished-206936/src/shared/bot_nav_shared.cpp
2026-01-29 09:38:53,880 - Knowledge - INFO - process ingested knowledge for /app/data/T0002/206936/b0193s4/Unvanquished-206936/src/shared/bg_lua.h
2026-01-29 09:38:54,680 - Knowledge - INFO - [WEBSOCKET] Sent: Type=progress_update, Size: 293, Duration: 0ms
2026-01-29 09:38:54,720 - Knowledge - INFO - Processing batch of 4 files
2026-01-29 09:38:54,720 - Knowledge - INFO - process ingested knowledge for /app/data/T0002/206936/b0193s4/Unvanquished-206936/pkg/unvanquished_src.dpkdir/ui/rockethud.txt
2026-01-29 09:38:54,888 - Knowledge - INFO - [WEBSOCKET] Sent: Type=unknown, Size: ?, Duration: 208ms
2026-01-29 09:38:54,914 - Knowledge - INFO - Progress: 63.3% | Files: 208/327 | Rate: 0.61 files/sec | Queue: 56
2026-01-29 09:38:56,014 - Knowledge - INFO - process ingested knowledge for /app/data/T0002/206936/b0193s4/Unvanquished-206936/src/sgame/sg_struct.h
2026-01-29 09:38:56,102 - Knowledge - INFO - process ingested knowledge for /app/data/T0002/206936/b0193s4/Unvanquished-206936/src/shared/bg_pmove.cpp
2026-01-29 09:38:56,182 - Knowledge - INFO - [kw3] Queue=56, InProgress=0, PendingWorkers=20/20, Completed=208/327 (63.6%)
2026-01-29 09:38:56,182 - Knowledge - INFO - Batch sizing: calculated=4, max_allowed=10, queue=56, active_workers=20/20
2026-01-29 09:38:56,265 - Knowledge - INFO - process ingested knowledge for /app/data/T0002/206936/b0193s4/Unvanquished-206936/src/sgame/sg_weapon.cpp
2026-01-29 09:38:58,198 - Knowledge - INFO - process ingested knowledge for /app/data/T0002/206936/b0193s4/Unvanquished-206936/pkg/unvanquished_src.dpkdir/GPL.txt
2026-01-29 09:38:58,304 - Knowledge - INFO - [LLM_CALL] Completed: rmlui.cmake:chunk1, Duration: 8054ms, PromptTokens: 18112, CompletionTokens: 59, Cost: $0.00183
2026-01-29 09:38:58,305 - Knowledge - INFO - done ingest for /app/data/T0002/206936/b0193s4/Unvanquished-206936/rmlui.cmake
2026-01-29 09:38:58,452 - Knowledge - INFO - Async storing batch of 5 embeddings
2026-01-29 09:38:58,458 - Knowledge - INFO - Worker kw3 processing /app/data/T0002/206936/b0193s4/Unvanquished-206936/pkg/unvanquished_src.dpkdir/README.md
2026-01-29 09:38:58,500 - Knowledge - INFO - Fast-tracked /app/data/T0002/206936/b0193s4/Unvanquished-206936/pkg/unvanquished_src.dpkdir/README.md (ext=.md, size=643)
2026-01-29 09:38:58,501 - Knowledge - INFO - Worker kw3 processing /app/data/T0002/206936/b0193s4/Unvanquished-206936/pkg/unvanquished_src.dpkdir/about/unifont.copyright.txt
2026-01-29 09:38:58,557 - Knowledge - INFO - Fast-tracked /app/data/T0002/206936/b0193s4/Unvanquished-206936/pkg/unvanquished_src.dpkdir/about/unifont.copyright.txt (ext=.txt, size=5198)
2026-01-29 09:38:58,573 - Knowledge - INFO - Worker kw3 processing /app/data/T0002/206936/b0193s4/Unvanquished-206936/pkg/unvanquished_src.dpkdir/about/dejavu.copyright.txt
2026-01-29 09:38:58,914 - Knowledge - INFO - Fast-tracked /app/data/T0002/206936/b0193s4/Unvanquished-206936/pkg/unvanquished_src.dpkdir/about/dejavu.copyright.txt (ext=.txt, size=2815)
2026-01-29 09:38:58,954 - Knowledge - INFO - Worker kw3 processing /app/data/T0002/206936/b0193s4/Unvanquished-206936/pkg/unvanquished_src.dpkdir/COPYING.txt
2026-01-29 09:38:58,970 - Knowledge - INFO - Fast-tracked /app/data/T0002/206936/b0193s4/Unvanquished-206936/pkg/unvanquished_src.dpkdir/COPYING.txt (ext=.txt, size=596)
2026-01-29 09:38:59,164 - Knowledge - INFO - Async storage completed for 5 embeddings
2026-01-29 09:39:00,674 - Knowledge - INFO - process ingested knowledge for /app/data/T0002/206936/b0193s4/Unvanquished-206936/pkg/unvanquished_src.dpkdir/gfx/feedback/bottactic/license.md
2026-01-29 09:39:01,405 - Knowledge - INFO - [LLM_CALL] Completed: Upgrades.cpp:chunk1, Duration: 47720ms, PromptTokens: 3030, CompletionTokens: 389, Cost: $0.00046
2026-01-29 09:39:01,552 - Knowledge - INFO - done ingest for /app/data/T0002/206936/b0193s4/Unvanquished-206936/src/shared/lua/Upgrades.cpp
2026-01-29 09:39:02,478 - Knowledge - INFO - [LLM_CALL] Completed: cg_attachment.cpp:chunk1, Duration: 93510ms, PromptTokens: 4780, CompletionTokens: 802, Cost: $0.00080
2026-01-29 09:39:02,492 - Knowledge - INFO - done ingest for /app/data/T0002/206936/b0193s4/Unvanquished-206936/src/cgame/cg_attachment.cpp
2026-01-29 09:39:03,973 - Knowledge - INFO - process ingested knowledge for /app/data/T0002/206936/b0193s4/Unvanquished-206936/pkg/unvanquished_src.dpkdir/gfx/feedback/vsay/license.md
2026-01-29 09:39:04,544 - Knowledge - INFO - [LLM_CALL] Completed: cg_utils.cpp:chunk1, Duration: 94854ms, PromptTokens: 3214, CompletionTokens: 492, Cost: $0.00052
2026-01-29 09:39:04,578 - Knowledge - INFO - done ingest for /app/data/T0002/206936/b0193s4/Unvanquished-206936/src/cgame/cg_utils.cpp
2026-01-29 09:39:07,570 - Knowledge - INFO - [LLM_CALL] Completed: Buildables.cpp:chunk1, Duration: 52216ms, PromptTokens: 3360, CompletionTokens: 400, Cost: $0.00050
2026-01-29 09:39:07,677 - Knowledge - INFO - done ingest for /app/data/T0002/206936/b0193s4/Unvanquished-206936/src/shared/lua/Buildables.cpp
2026-01-29 09:39:09,077 - Knowledge - INFO - [LLM_CALL] Completed: cg_event.cpp:chunk1, Duration: 142663ms, PromptTokens: 25940, CompletionTokens: 1083, Cost: $0.00303
2026-01-29 09:39:09,077 - Knowledge - INFO - done ingest for /app/data/T0002/206936/b0193s4/Unvanquished-206936/src/cgame/cg_event.cpp
2026-01-29 09:39:11,977 - Knowledge - INFO - Processing batch of 4 files
2026-01-29 09:39:11,977 - Knowledge - INFO - process ingested knowledge for /app/data/T0002/206936/b0193s4/Unvanquished-206936/pkg/unvanquished_src.dpkdir/README.md
2026-01-29 09:39:12,036 - Knowledge - INFO - [WEBSOCKET] Sent: Type=progress_update, Size: 293, Duration: 0ms
2026-01-29 09:39:12,066 - Knowledge - INFO - [WEBSOCKET] Sent: Type=unknown, Size: ?, Duration: 30ms
2026-01-29 09:39:12,149 - Knowledge - INFO - Progress: 65.4% | Files: 214/327 | Rate: 0.60 files/sec | Queue: 52
2026-01-29 09:39:12,201 - Knowledge - INFO - [LLM_CALL] Completed: cg_consolecmds.cpp:chunk1, Duration: 167617ms, PromptTokens: 10752, CompletionTokens: 543, Cost: $0.00129
2026-01-29 09:39:12,336 - Knowledge - INFO - done ingest for /app/data/T0002/206936/b0193s4/Unvanquished-206936/src/cgame/cg_consolecmds.cpp
2026-01-29 09:39:13,537 - Knowledge - INFO - [kw1] Queue=52, InProgress=0, PendingWorkers=20/20, Completed=214/327 (65.4%)
2026-01-29 09:39:13,600 - Knowledge - INFO - Batch sizing: calculated=4, max_allowed=10, queue=52, active_workers=20/20
2026-01-29 09:39:14,636 - Knowledge - INFO - process ingested knowledge for /app/data/T0002/206936/b0193s4/Unvanquished-206936/pkg/unvanquished_src.dpkdir/about/unifont.copyright.txt
2026-01-29 09:39:15,323 - Knowledge - WARNING - Timeout processing /app/data/T0002/206936/b0193s4/Unvanquished-206936/src/cgame/cg_servercmds.cpp after 90s - using fallback metadata
2026-01-29 09:39:16,208 - Knowledge - INFO - Async storing batch of 4 embeddings
2026-01-29 09:39:16,260 - Knowledge - INFO - [kw13] Queue=48, InProgress=0, PendingWorkers=20/20, Completed=215/327 (65.7%)
2026-01-29 09:39:16,279 - Knowledge - INFO - [kw5] Queue=48, InProgress=0, PendingWorkers=20/20, Completed=215/327 (65.7%)
2026-01-29 09:39:16,309 - Knowledge - INFO - Batch sizing: calculated=4, max_allowed=10, queue=48, active_workers=20/20
2026-01-29 09:39:16,309 - Knowledge - INFO - process ingested knowledge for /app/data/T0002/206936/b0193s4/Unvanquished-206936/pkg/unvanquished_src.dpkdir/about/dejavu.copyright.txt
2026-01-29 09:39:16,362 - Knowledge - INFO - Batch sizing: calculated=4, max_allowed=10, queue=48, active_workers=20/20
2026-01-29 09:39:16,412 - Knowledge - INFO - Worker kw1 processing /app/data/T0002/206936/b0193s4/Unvanquished-206936/libs/fastlz/README.TXT
2026-01-29 09:39:16,881 - Knowledge - INFO - Fast-tracked /app/data/T0002/206936/b0193s4/Unvanquished-206936/libs/fastlz/README.TXT (ext=.txt, size=1867)
2026-01-29 09:39:16,916 - Knowledge - INFO - Worker kw1 processing /app/data/T0002/206936/b0193s4/Unvanquished-206936/libs/fastlz/fastlz.h
2026-01-29 09:39:17,086 - Knowledge - INFO - Worker kw1 processing /app/data/T0002/206936/b0193s4/Unvanquished-206936/libs/fastlz/fastlz.c
2026-01-29 09:39:17,250 - Knowledge - WARNING - Timeout processing /app/data/T0002/206936/b0193s4/Unvanquished-206936/src/cgame/cg_buildable.cpp after 90s - using fallback metadata
2026-01-29 09:39:17,262 - Knowledge - INFO - Async storing batch of 4 embeddings
2026-01-29 09:39:17,306 - Knowledge - WARNING - Timeout processing /app/data/T0002/206936/b0193s4/Unvanquished-206936/src/cgame/cg_particles.cpp after 90s - using fallback metadata
2026-01-29 09:39:17,313 - Knowledge - INFO - Worker kw1 processing /app/data/T0002/206936/b0193s4/Unvanquished-206936/libs/tinygettext/src/iconv.cpp
2026-01-29 09:39:17,315 - Knowledge - INFO - Worker kw13 processing /app/data/T0002/206936/b0193s4/Unvanquished-206936/libs/tinygettext/src/po_parser.cpp
2026-01-29 09:39:17,564 - Knowledge - INFO - Worker kw13 processing /app/data/T0002/206936/b0193s4/Unvanquished-206936/libs/tinygettext/src/dictionary_manager.cpp
2026-01-29 09:39:17,844 - Knowledge - INFO - Worker kw13 processing /app/data/T0002/206936/b0193s4/Unvanquished-206936/libs/tinygettext/src/language.cpp
2026-01-29 09:39:17,936 - Knowledge - INFO - Worker kw13 processing /app/data/T0002/206936/b0193s4/Unvanquished-206936/libs/tinygettext/src/log.cpp
2026-01-29 09:39:18,192 - Knowledge - INFO - Fast-tracked /app/data/T0002/206936/b0193s4/Unvanquished-206936/libs/tinygettext/src/log.cpp (ext=.cpp, size=1882)
2026-01-29 09:39:18,312 - Knowledge - INFO - [LLM_CALL] Completed: util.lua:chunk1, Duration: 26705ms, PromptTokens: 3326, CompletionTokens: 482, Cost: $0.00053
2026-01-29 09:39:18,336 - Knowledge - INFO - done ingest for /app/data/T0002/206936/b0193s4/Unvanquished-206936/pkg/unvanquished_src.dpkdir/ui/lua/util.lua
2026-01-29 09:39:19,161 - Knowledge - INFO - process ingested knowledge for /app/data/T0002/206936/b0193s4/Unvanquished-206936/pkg/unvanquished_src.dpkdir/COPYING.txt
2026-01-29 09:39:19,453 - Knowledge - INFO - [LLM_CALL] Completed: cg_local.h:chunk1, Duration: 150644ms, PromptTokens: 16024, CompletionTokens: 919, Cost: $0.00197
2026-01-29 09:39:19,571 - Knowledge - INFO - Processing batch of 4 files
2026-01-29 09:39:19,704 - Knowledge - INFO - process ingested knowledge for /app/data/T0002/206936/b0193s4/Unvanquished-206936/src/shared/lua/Classes.h
2026-01-29 09:39:19,918 - Knowledge - INFO - Async storage completed for 4 embeddings
2026-01-29 09:39:20,423 - Knowledge - WARNING - Timeout processing /app/data/T0002/206936/b0193s4/Unvanquished-206936/src/cgame/cg_local.h after 90s - using fallback metadata
2026-01-29 09:39:20,483 - Knowledge - INFO - Async storing batch of 5 embeddings
2026-01-29 09:39:20,565 - Knowledge - INFO - Worker kw5 processing /app/data/T0002/206936/b0193s4/Unvanquished-206936/libs/tinygettext/src/dictionary.cpp
2026-01-29 09:39:20,652 - Knowledge - INFO - Async storage completed for 4 embeddings
2026-01-29 09:39:20,659 - Knowledge - INFO - Worker kw5 processing /app/data/T0002/206936/b0193s4/Unvanquished-206936/libs/tinygettext/src/plural_forms.cpp
2026-01-29 09:39:20,983 - Knowledge - INFO - Worker kw5 processing /app/data/T0002/206936/b0193s4/Unvanquished-206936/libs/tinygettext/include/tinygettext/log.hpp
2026-01-29 09:39:20,998 - Knowledge - INFO - Fast-tracked /app/data/T0002/206936/b0193s4/Unvanquished-206936/libs/tinygettext/include/tinygettext/log.hpp (ext=.hpp, size=1757)
2026-01-29 09:39:21,009 - Knowledge - INFO - Worker kw5 processing /app/data/T0002/206936/b0193s4/Unvanquished-206936/libs/tinygettext/include/tinygettext/dictionary.hpp
2026-01-29 09:39:21,771 - Knowledge - INFO - process ingested knowledge for /app/data/T0002/206936/b0193s4/Unvanquished-206936/src/shared/lua/Upgrades.cpp
2026-01-29 09:39:23,044 - Knowledge - INFO - Async storage completed for 5 embeddings
2026-01-29 09:39:25,047 - Knowledge - INFO - process ingested knowledge for /app/data/T0002/206936/b0193s4/Unvanquished-206936/src/shared/lua/Utils.cpp
2026-01-29 09:39:25,186 - Knowledge - INFO - [WEBSOCKET] Sent: Type=progress_update, Size: 292, Duration: 0ms
2026-01-29 09:39:25,266 - Knowledge - INFO - [WEBSOCKET] Sent: Type=unknown, Size: ?, Duration: 80ms
2026-01-29 09:39:25,282 - Knowledge - INFO - Progress: 69.1% | Files: 226/327 | Rate: 0.61 files/sec | Queue: 40
2026-01-29 09:39:26,752 - Knowledge - INFO - Processing batch of 4 files
2026-01-29 09:39:26,776 - Knowledge - INFO - process ingested knowledge for /app/data/T0002/206936/b0193s4/Unvanquished-206936/src/shared/lua/Timer.cpp
2026-01-29 09:39:26,801 - Knowledge - INFO - [kw2] Queue=40, InProgress=0, PendingWorkers=20/20, Completed=227/327 (69.4%)
2026-01-29 09:39:27,006 - Knowledge - INFO - process ingested knowledge for /app/data/T0002/206936/b0193s4/Unvanquished-206936/rmlui.cmake
2026-01-29 09:39:27,113 - Knowledge - INFO - [kw12] Queue=40, InProgress=0, PendingWorkers=20/20, Completed=229/327 (70.0%)
2026-01-29 09:39:27,236 - Knowledge - INFO - Batch sizing: calculated=4, max_allowed=10, queue=40, active_workers=20/20
2026-01-29 09:39:27,360 - Knowledge - INFO - Batch sizing: calculated=4, max_allowed=10, queue=40, active_workers=20/20
2026-01-29 09:39:28,599 - Knowledge - INFO - process ingested knowledge for /app/data/T0002/206936/b0193s4/Unvanquished-206936/pkg/unvanquished_src.dpkdir/ui/lua/util.lua
2026-01-29 09:39:28,783 - Knowledge - INFO - Async storing batch of 4 embeddings
2026-01-29 09:39:28,804 - Knowledge - INFO - Worker kw12 processing /app/data/T0002/206936/b0193s4/Unvanquished-206936/libs/tinygettext/include/tinygettext/plural_forms.hpp
2026-01-29 09:39:28,889 - Knowledge - INFO - Fast-tracked /app/data/T0002/206936/b0193s4/Unvanquished-206936/libs/tinygettext/include/tinygettext/plural_forms.hpp (ext=.hpp, size=1934)
2026-01-29 09:39:28,908 - Knowledge - INFO - Worker kw12 processing /app/data/T0002/206936/b0193s4/Unvanquished-206936/libs/tinygettext/include/tinygettext/file_system.hpp
2026-01-29 09:39:28,970 - Knowledge - INFO - Fast-tracked /app/data/T0002/206936/b0193s4/Unvanquished-206936/libs/tinygettext/include/tinygettext/file_system.hpp (ext=.hpp, size=1459)
2026-01-29 09:39:28,975 - Knowledge - INFO - Worker kw12 processing /app/data/T0002/206936/b0193s4/Unvanquished-206936/libs/tinygettext/include/tinygettext/language.hpp
2026-01-29 09:39:29,053 - Knowledge - INFO - Worker kw12 processing /app/data/T0002/206936/b0193s4/Unvanquished-206936/libs/tinygettext/include/tinygettext/dictionary_manager.hpp
2026-01-29 09:39:29,059 - Knowledge - INFO - Processing batch of 5 files
2026-01-29 09:39:29,060 - Knowledge - INFO - process ingested knowledge for /app/data/T0002/206936/b0193s4/Unvanquished-206936/src/cgame/cg_animmapobj.cpp
2026-01-29 09:39:29,215 - Knowledge - INFO - Processing batch of 5 files
2026-01-29 09:39:29,251 - Knowledge - INFO - process ingested knowledge for /app/data/T0002/206936/b0193s4/Unvanquished-206936/src/cgame/cg_rocket_events.cpp
2026-01-29 09:39:29,959 - Knowledge - INFO - Async storing batch of 6 embeddings
2026-01-29 09:39:30,043 - Knowledge - INFO - Async storage completed for 4 embeddings
2026-01-29 09:39:30,044 - Knowledge - INFO - process ingested knowledge for /app/data/T0002/206936/b0193s4/Unvanquished-206936/pkg/unvanquished_src.dpkdir/ui/rocket.txt
2026-01-29 09:39:30,239 - Knowledge - INFO - Worker kw2 processing /app/data/T0002/206936/b0193s4/Unvanquished-206936/libs/tinygettext/include/tinygettext/po_parser.hpp
2026-01-29 09:39:30,258 - Knowledge - INFO - process ingested knowledge for /app/data/T0002/206936/b0193s4/Unvanquished-206936/src/cgame/cg_playerstate.cpp
2026-01-29 09:39:30,807 - Knowledge - INFO - Worker kw2 processing /app/data/T0002/206936/b0193s4/Unvanquished-206936/libs/tinygettext/include/tinygettext/iconv.hpp
2026-01-29 09:39:30,897 - Knowledge - INFO - Worker kw2 processing /app/data/T0002/206936/b0193s4/Unvanquished-206936/libs/tinygettext/include/tinygettext/unix_file_system.hpp
2026-01-29 09:39:31,112 - Knowledge - INFO - Fast-tracked /app/data/T0002/206936/b0193s4/Unvanquished-206936/libs/tinygettext/include/tinygettext/unix_file_system.hpp (ext=.hpp, size=1426)
2026-01-29 09:39:31,118 - Knowledge - INFO - Worker kw2 processing /app/data/T0002/206936/b0193s4/Unvanquished-206936/libs/tinygettext/include/tinygettext/log_stream.hpp
2026-01-29 09:39:31,193 - Knowledge - INFO - Fast-tracked /app/data/T0002/206936/b0193s4/Unvanquished-206936/libs/tinygettext/include/tinygettext/log_stream.hpp (ext=.hpp, size=1505)
2026-01-29 09:39:31,478 - Knowledge - INFO - Fast-tracked /app/data/T0002/206936/b0193s4/Unvanquished-206936/libs/tinygettext/include/tinygettext/po_parser.hpp (small file (2351 bytes))
2026-01-29 09:39:31,577 - Knowledge - INFO - [LLM_CALL] Completed: Classes.cpp:chunk1, Duration: 68140ms, PromptTokens: 3092, CompletionTokens: 367, Cost: $0.00046
2026-01-29 09:39:31,582 - Knowledge - INFO - done ingest for /app/data/T0002/206936/b0193s4/Unvanquished-206936/src/shared/lua/Classes.cpp
2026-01-29 09:39:31,608 - Knowledge - INFO - process ingested knowledge for /app/data/T0002/206936/b0193s4/Unvanquished-206936/src/cgame/cg_tutorial.cpp
2026-01-29 09:39:31,691 - Knowledge - INFO - Fast-tracked /app/data/T0002/206936/b0193s4/Unvanquished-206936/libs/tinygettext/include/tinygettext/iconv.hpp (small file (2912 bytes))
2026-01-29 09:39:31,759 - Knowledge - INFO - process ingested knowledge for /app/data/T0002/206936/b0193s4/Unvanquished-206936/pkg/unvanquished_src.dpkdir/ui/assets/icons/LICENSE.md
2026-01-29 09:39:31,766 - Knowledge - INFO - Async storage completed for 6 embeddings
2026-01-29 09:39:32,397 - Knowledge - INFO - Processing batch of 5 files
2026-01-29 09:39:32,449 - Knowledge - INFO - process ingested knowledge for /app/data/T0002/206936/b0193s4/Unvanquished-206936/src/cgame/cg_event.cpp
2026-01-29 09:39:32,873 - Knowledge - INFO - process ingested knowledge for /app/data/T0002/206936/b0193s4/Unvanquished-206936/src/cgame/cg_animdelta.h
2026-01-29 09:39:33,108 - Knowledge - INFO - process ingested knowledge for /app/data/T0002/206936/b0193s4/Unvanquished-206936/src/cgame/cg_servercmds.cpp
2026-01-29 09:39:33,208 - Knowledge - INFO - process ingested knowledge for /app/data/T0002/206936/b0193s4/Unvanquished-206936/src/cgame/cg_skeleton_modifier.h
2026-01-29 09:39:33,341 - Knowledge - INFO - [WEBSOCKET] Sent: Type=progress_update, Size: 293, Duration: 0ms
2026-01-29 09:39:33,377 - Knowledge - INFO - process ingested knowledge for /app/data/T0002/206936/b0193s4/Unvanquished-206936/src/cgame/cg_buildable.cpp
2026-01-29 09:39:33,561 - Knowledge - INFO - process ingested knowledge for /app/data/T0002/206936/b0193s4/Unvanquished-206936/src/cgame/cg_beacon.cpp
2026-01-29 09:39:33,601 - Knowledge - INFO - [WEBSOCKET] Sent: Type=unknown, Size: ?, Duration: 260ms
2026-01-29 09:39:33,763 - Knowledge - INFO - Progress: 72.2% | Files: 236/327 | Rate: 0.62 files/sec | Queue: 32
2026-01-29 09:39:33,987 - Knowledge - INFO - [LLM_CALL] Completed: fastlz.h:chunk1, Duration: 16317ms, PromptTokens: 2470, CompletionTokens: 293, Cost: $0.00036
2026-01-29 09:39:34,049 - Knowledge - INFO - done ingest for /app/data/T0002/206936/b0193s4/Unvanquished-206936/libs/fastlz/fastlz.h
2026-01-29 09:39:35,074 - Knowledge - INFO - process ingested knowledge for /app/data/T0002/206936/b0193s4/Unvanquished-206936/src/cgame/cg_marks.cpp
2026-01-29 09:39:35,143 - Knowledge - INFO - process ingested knowledge for /app/data/T0002/206936/b0193s4/Unvanquished-206936/src/cgame/cg_rocket.cpp
2026-01-29 09:39:35,508 - Knowledge - INFO - [LLM_CALL] Completed: cg_view.cpp:chunk1, Duration: 127293ms, PromptTokens: 31870, CompletionTokens: 1825, Cost: $0.00392
2026-01-29 09:39:35,553 - Knowledge - INFO - done ingest for /app/data/T0002/206936/b0193s4/Unvanquished-206936/src/cgame/cg_view.cpp
2026-01-29 09:39:36,716 - Knowledge - INFO - [kw3] Queue=32, InProgress=0, PendingWorkers=20/20, Completed=237/327 (72.5%)
2026-01-29 09:39:36,717 - Knowledge - INFO - Batch sizing: calculated=4, max_allowed=10, queue=32, active_workers=20/20
2026-01-29 09:39:36,754 - Knowledge - INFO - process ingested knowledge for /app/data/T0002/206936/b0193s4/Unvanquished-206936/src/cgame/cg_consolecmds.cpp
2026-01-29 09:39:36,885 - Knowledge - INFO - process ingested knowledge for /app/data/T0002/206936/b0193s4/Unvanquished-206936/src/cgame/cg_local.h
2026-01-29 09:39:37,111 - Knowledge - INFO - process ingested knowledge for /app/data/T0002/206936/b0193s4/Unvanquished-206936/src/cgame/cg_particles.cpp
2026-01-29 09:39:37,180 - Knowledge - INFO - Async storing batch of 4 embeddings
2026-01-29 09:39:37,469 - Knowledge - INFO - Worker kw3 processing /app/data/T0002/206936/b0193s4/Unvanquished-206936/libs/tinygettext/include/tinygettext/tinygettext.hpp
2026-01-29 09:39:37,646 - Knowledge - INFO - Fast-tracked /app/data/T0002/206936/b0193s4/Unvanquished-206936/libs/tinygettext/include/tinygettext/tinygettext.hpp (ext=.hpp, size=1182)
2026-01-29 09:39:37,647 - Knowledge - INFO - Worker kw3 processing /app/data/T0002/206936/b0193s4/Unvanquished-206936/libs/tinygettext/LICENSE.md
2026-01-29 09:39:37,752 - Knowledge - INFO - Fast-tracked /app/data/T0002/206936/b0193s4/Unvanquished-206936/libs/tinygettext/LICENSE.md (ext=.md, size=1470)
2026-01-29 09:39:37,787 - Knowledge - INFO - Worker kw3 processing /app/data/T0002/206936/b0193s4/Unvanquished-206936/libs/tinygettext/README.md
2026-01-29 09:39:37,907 - Knowledge - INFO - Fast-tracked /app/data/T0002/206936/b0193s4/Unvanquished-206936/libs/tinygettext/README.md (ext=.md, size=1247)
2026-01-29 09:39:37,907 - Knowledge - INFO - Worker kw3 processing /app/data/T0002/206936/b0193s4/Unvanquished-206936/CMakeLists.txt
2026-01-29 09:39:37,958 - Knowledge - INFO - Fast-tracked /app/data/T0002/206936/b0193s4/Unvanquished-206936/CMakeLists.txt (ext=.txt, size=9453)
2026-01-29 09:39:37,979 - Knowledge - INFO - Async storage completed for 4 embeddings
2026-01-29 09:39:39,897 - Knowledge - INFO - [LLM_CALL] Completed: bg_parse.cpp:chunk1, Duration: 87275ms, PromptTokens: 38650, CompletionTokens: 970, Cost: $0.00425
2026-01-29 09:39:39,960 - Knowledge - INFO - done ingest for /app/data/T0002/206936/b0193s4/Unvanquished-206936/src/shared/bg_parse.cpp
2026-01-29 09:39:42,821 - Knowledge - INFO - Processing batch of 4 files
2026-01-29 09:39:42,822 - Knowledge - INFO - process ingested knowledge for /app/data/T0002/206936/b0193s4/Unvanquished-206936/libs/tinygettext/include/tinygettext/po_parser.hpp
2026-01-29 09:39:43,426 - Knowledge - WARNING - Timeout processing /app/data/T0002/206936/b0193s4/Unvanquished-206936/src/cgame/cg_trails.cpp after 90s - using fallback metadata
2026-01-29 09:39:43,455 - Knowledge - WARNING - Timeout processing /app/data/T0002/206936/b0193s4/Unvanquished-206936/src/cgame/cg_drawtools.cpp after 90s - using fallback metadata
2026-01-29 09:39:43,461 - Knowledge - WARNING - Timeout processing /app/data/T0002/206936/b0193s4/Unvanquished-206936/src/cgame/cg_minimap.cpp after 90s - using fallback metadata
2026-01-29 09:39:43,700 - Knowledge - INFO - [LLM_CALL] Completed: Clustering.h:chunk1, Duration: 79526ms, PromptTokens: 7380, CompletionTokens: 525, Cost: $0.00095
2026-01-29 09:39:43,742 - Knowledge - INFO - done ingest for /app/data/T0002/206936/b0193s4/Unvanquished-206936/src/shared/Clustering.h
2026-01-29 09:39:44,758 - Knowledge - INFO - [LLM_CALL] Completed: dictionary.cpp:chunk1, Duration: 23316ms, PromptTokens: 4218, CompletionTokens: 465, Cost: $0.00061
2026-01-29 09:39:44,774 - Knowledge - INFO - done ingest for /app/data/T0002/206936/b0193s4/Unvanquished-206936/libs/tinygettext/src/dictionary.cpp
2026-01-29 09:39:45,102 - Knowledge - INFO - process ingested knowledge for /app/data/T0002/206936/b0193s4/Unvanquished-206936/libs/tinygettext/include/tinygettext/iconv.hpp
2026-01-29 09:39:47,524 - Knowledge - INFO - [kw6] Queue=28, InProgress=0, PendingWorkers=20/20, Completed=243/327 (74.3%)
2026-01-29 09:39:47,544 - Knowledge - INFO - [WEBSOCKET] Sent: Type=progress_update, Size: 293, Duration: 0ms
2026-01-29 09:39:47,570 - Knowledge - INFO - Batch sizing: calculated=4, max_allowed=10, queue=28, active_workers=20/20
2026-01-29 09:39:47,663 - Knowledge - INFO - process ingested knowledge for /app/data/T0002/206936/b0193s4/Unvanquished-206936/libs/tinygettext/include/tinygettext/unix_file_system.hpp
2026-01-29 09:39:47,823 - Knowledge - INFO - [WEBSOCKET] Sent: Type=unknown, Size: ?, Duration: 279ms
2026-01-29 09:39:47,964 - Knowledge - INFO - Progress: 74.3% | Files: 244/327 | Rate: 0.62 files/sec | Queue: 28
2026-01-29 09:39:48,761 - Knowledge - INFO - [LLM_CALL] Completed: language.hpp:chunk1, Duration: 19224ms, PromptTokens: 2304, CompletionTokens: 467, Cost: $0.00042
2026-01-29 09:39:48,761 - Knowledge - INFO - done ingest for /app/data/T0002/206936/b0193s4/Unvanquished-206936/libs/tinygettext/include/tinygettext/language.hpp
2026-01-29 09:39:50,470 - Knowledge - INFO - Async storing batch of 4 embeddings
2026-01-29 09:39:50,471 - Knowledge - INFO - Worker kw6 processing /app/data/T0002/206936/b0193s4/Unvanquished-206936/tools/cbse/def.yaml
2026-01-29 09:39:50,493 - Knowledge - INFO - process ingested knowledge for /app/data/T0002/206936/b0193s4/Unvanquished-206936/libs/tinygettext/include/tinygettext/log_stream.hpp
2026-01-29 09:39:50,511 - Knowledge - INFO - Fast-tracked /app/data/T0002/206936/b0193s4/Unvanquished-206936/tools/cbse/def.yaml (ext=.yaml, size=3068)
2026-01-29 09:39:50,511 - Knowledge - INFO - Worker kw6 processing /app/data/T0002/206936/b0193s4/Unvanquished-206936/tools/cbse/CBSE.py
2026-01-29 09:39:50,620 - Knowledge - INFO - Worker kw6 processing /app/data/T0002/206936/b0193s4/Unvanquished-206936/tools/cbse/CBSE.cmake
2026-01-29 09:39:50,797 - Knowledge - INFO - Worker kw6 processing /app/data/T0002/206936/b0193s4/Unvanquished-206936/tools/cbse/requirements.txt
2026-01-29 09:39:50,855 - Knowledge - INFO - Fast-tracked /app/data/T0002/206936/b0193s4/Unvanquished-206936/tools/cbse/requirements.txt (ext=.txt, size=22)
2026-01-29 09:39:50,901 - Knowledge - INFO - [LLM_CALL] Completed: LuaLib.h:chunk1, Duration: 88049ms, PromptTokens: 4690, CompletionTokens: 581, Cost: $0.00070
2026-01-29 09:39:50,977 - Knowledge - INFO - done ingest for /app/data/T0002/206936/b0193s4/Unvanquished-206936/src/shared/lua/LuaLib.h
2026-01-29 09:39:52,044 - Knowledge - INFO - Async storage completed for 4 embeddings
2026-01-29 09:39:52,721 - Knowledge - INFO - Processing batch of 4 files
2026-01-29 09:39:52,777 - Knowledge - INFO - process ingested knowledge for /app/data/T0002/206936/b0193s4/Unvanquished-206936/libs/tinygettext/include/tinygettext/tinygettext.hpp
2026-01-29 09:39:52,850 - Knowledge - INFO - [kw7] Queue=24, InProgress=0, PendingWorkers=20/20, Completed=247/327 (75.5%)
2026-01-29 09:39:52,851 - Knowledge - INFO - Batch sizing: calculated=4, max_allowed=10, queue=24, active_workers=20/20
2026-01-29 09:39:53,183 - Knowledge - INFO - [LLM_CALL] Completed: iconv.cpp:chunk1, Duration: 33628ms, PromptTokens: 3254, CompletionTokens: 422, Cost: $0.00049
2026-01-29 09:39:53,242 - Knowledge - INFO - done ingest for /app/data/T0002/206936/b0193s4/Unvanquished-206936/libs/tinygettext/src/iconv.cpp
2026-01-29 09:39:54,298 - Knowledge - INFO - Processing batch of 5 files
2026-01-29 09:39:54,336 - Knowledge - INFO - process ingested knowledge for /app/data/T0002/206936/b0193s4/Unvanquished-206936/src/cgame/cg_view.cpp
2026-01-29 09:39:55,404 - Knowledge - INFO - process ingested knowledge for /app/data/T0002/206936/b0193s4/Unvanquished-206936/libs/tinygettext/LICENSE.md
2026-01-29 09:39:57,216 - Knowledge - INFO - process ingested knowledge for /app/data/T0002/206936/b0193s4/Unvanquished-206936/src/cgame/cg_ui.h
2026-01-29 09:39:57,423 - Knowledge - INFO - Async storing batch of 4 embeddings
2026-01-29 09:39:57,603 - Knowledge - INFO - Worker kw7 processing /app/data/T0002/206936/b0193s4/Unvanquished-206936/tools/cbse/test.sh
2026-01-29 09:39:57,637 - Knowledge - INFO - [LLM_CALL] Completed: CBSE.cmake:chunk1, Duration: 5774ms, PromptTokens: 2636, CompletionTokens: 59, Cost: $0.00029
2026-01-29 09:39:57,638 - Knowledge - INFO - done ingest for /app/data/T0002/206936/b0193s4/Unvanquished-206936/tools/cbse/CBSE.cmake
2026-01-29 09:39:57,758 - Knowledge - INFO - Fast-tracked /app/data/T0002/206936/b0193s4/Unvanquished-206936/tools/cbse/test.sh (ext=.sh, size=161)
2026-01-29 09:39:57,763 - Knowledge - INFO - Worker kw7 processing /app/data/T0002/206936/b0193s4/Unvanquished-206936/tools/cbse/README.md
2026-01-29 09:39:57,889 - Knowledge - INFO - Fast-tracked /app/data/T0002/206936/b0193s4/Unvanquished-206936/tools/cbse/README.md (ext=.md, size=5735)
2026-01-29 09:39:57,889 - Knowledge - INFO - Worker kw7 processing /app/data/T0002/206936/b0193s4/Unvanquished-206936/tools/cbse/templates/Component.cpp
2026-01-29 09:39:57,900 - Knowledge - INFO - Worker kw7 processing /app/data/T0002/206936/b0193s4/Unvanquished-206936/tools/cbse/templates/Components.h
2026-01-29 09:39:58,081 - Knowledge - INFO - Fast-tracked /app/data/T0002/206936/b0193s4/Unvanquished-206936/tools/cbse/templates/Components.h (ext=.h, size=1998)
2026-01-29 09:39:58,641 - Knowledge - INFO - Fast-tracked /app/data/T0002/206936/b0193s4/Unvanquished-206936/tools/cbse/templates/Component.cpp (small file (2534 bytes))
2026-01-29 09:39:58,664 - Knowledge - INFO - Async storage completed for 4 embeddings
2026-01-29 09:39:58,786 - Knowledge - INFO - process ingested knowledge for /app/data/T0002/206936/b0193s4/Unvanquished-206936/libs/tinygettext/README.md
2026-01-29 09:39:59,173 - Knowledge - WARNING - Timeout processing /app/data/T0002/206936/b0193s4/Unvanquished-206936/src/cgame/cg_weapons.cpp after 90s - using fallback metadata
2026-01-29 09:39:59,247 - Knowledge - WARNING - Timeout processing /app/data/T0002/206936/b0193s4/Unvanquished-206936/src/cgame/cg_main.cpp after 90s - using fallback metadata
2026-01-29 09:39:59,247 - Knowledge - WARNING - Timeout processing /app/data/T0002/206936/b0193s4/Unvanquished-206936/src/cgame/cg_rocket_draw.cpp after 90s - using fallback metadata
2026-01-29 09:39:59,402 - Knowledge - INFO - [LLM_CALL] Completed: po_parser.cpp:chunk1, Duration: 40599ms, PromptTokens: 7036, CompletionTokens: 655, Cost: $0.00097
2026-01-29 09:39:59,462 - Knowledge - INFO - done ingest for /app/data/T0002/206936/b0193s4/Unvanquished-206936/libs/tinygettext/src/po_parser.cpp
2026-01-29 09:39:59,852 - Knowledge - INFO - process ingested knowledge for /app/data/T0002/206936/b0193s4/Unvanquished-206936/src/cgame/cg_key_name.cpp
2026-01-29 09:40:01,413 - Knowledge - INFO - [LLM_CALL] Completed: dictionary.hpp:chunk1, Duration: 38524ms, PromptTokens: 3314, CompletionTokens: 470, Cost: $0.00052
2026-01-29 09:40:01,536 - Knowledge - INFO - done ingest for /app/data/T0002/206936/b0193s4/Unvanquished-206936/libs/tinygettext/include/tinygettext/dictionary.hpp
2026-01-29 09:40:01,555 - Knowledge - INFO - [LLM_CALL] Completed: bg_teamprogress.cpp:chunk1, Duration: 85014ms, PromptTokens: 9072, CompletionTokens: 704, Cost: $0.00119
2026-01-29 09:40:01,743 - Knowledge - INFO - done ingest for /app/data/T0002/206936/b0193s4/Unvanquished-206936/src/shared/bg_teamprogress.cpp
2026-01-29 09:40:02,373 - Knowledge - INFO - [LLM_CALL] Completed: parse.cpp:chunk1, Duration: 108688ms, PromptTokens: 20128, CompletionTokens: 1448, Cost: $0.00259
2026-01-29 09:40:02,610 - Knowledge - INFO - process ingested knowledge for /app/data/T0002/206936/b0193s4/Unvanquished-206936/CMakeLists.txt
2026-01-29 09:40:02,846 - Knowledge - INFO - process ingested knowledge for /app/data/T0002/206936/b0193s4/Unvanquished-206936/src/cgame/cg_attachment.cpp
2026-01-29 09:40:02,910 - Knowledge - INFO - [WEBSOCKET] Sent: Type=progress_update, Size: 293, Duration: 0ms
2026-01-29 09:40:03,067 - Knowledge - WARNING - Timeout processing /app/data/T0002/206936/b0193s4/Unvanquished-206936/src/shared/parse.cpp after 90s - using fallback metadata
2026-01-29 09:40:04,098 - Knowledge - INFO - [WEBSOCKET] Sent: Type=unknown, Size: ?, Duration: 1187ms
2026-01-29 09:40:04,098 - Knowledge - INFO - Progress: 76.5% | Files: 250/327 | Rate: 0.61 files/sec | Queue: 20
2026-01-29 09:40:04,648 - Knowledge - INFO - [LLM_CALL] Completed: fastlz.c:chunk1, Duration: 46288ms, PromptTokens: 8940, CompletionTokens: 329, Cost: $0.00103
2026-01-29 09:40:04,723 - Knowledge - INFO - done ingest for /app/data/T0002/206936/b0193s4/Unvanquished-206936/libs/fastlz/fastlz.c
2026-01-29 09:40:04,763 - Knowledge - INFO - process ingested knowledge for /app/data/T0002/206936/b0193s4/Unvanquished-206936/src/cgame/cg_utils.cpp
2026-01-29 09:40:05,881 - Knowledge - INFO - [kw4] Queue=20, InProgress=0, PendingWorkers=20/20, Completed=253/327 (77.4%)
2026-01-29 09:40:05,886 - Knowledge - INFO - Batch sizing: calculated=4, max_allowed=10, queue=20, active_workers=20/20
2026-01-29 09:40:05,920 - Knowledge - INFO - [kw18] Queue=20, InProgress=0, PendingWorkers=20/20, Completed=253/327 (77.4%)
2026-01-29 09:40:05,920 - Knowledge - INFO - Batch sizing: calculated=4, max_allowed=10, queue=20, active_workers=20/20
2026-01-29 09:40:05,936 - Knowledge - INFO - [kw10] Queue=20, InProgress=0, PendingWorkers=20/20, Completed=253/327 (77.4%)
2026-01-29 09:40:05,991 - Knowledge - INFO - Batch sizing: calculated=4, max_allowed=10, queue=20, active_workers=20/20
2026-01-29 09:40:06,962 - Knowledge - INFO - [LLM_CALL] Completed: bot_nav_shared.h:chunk1, Duration: 99474ms, PromptTokens: 5154, CompletionTokens: 819, Cost: $0.00084
2026-01-29 09:40:07,064 - Knowledge - INFO - done ingest for /app/data/T0002/206936/b0193s4/Unvanquished-206936/src/shared/bot_nav_shared.h
2026-01-29 09:40:07,191 - Knowledge - INFO - Async storing batch of 5 embeddings
2026-01-29 09:40:07,211 - Knowledge - INFO - Worker kw4 processing /app/data/T0002/206936/b0193s4/Unvanquished-206936/tools/cbse/templates/Helper.h
2026-01-29 09:40:07,348 - Knowledge - INFO - Worker kw4 processing /app/data/T0002/206936/b0193s4/Unvanquished-206936/tools/cbse/templates/Backend.h
2026-01-29 09:40:07,360 - Knowledge - INFO - Worker kw4 processing /app/data/T0002/206936/b0193s4/Unvanquished-206936/tools/cbse/templates/Component.h
2026-01-29 09:40:07,405 - Knowledge - INFO - Worker kw4 processing /app/data/T0002/206936/b0193s4/Unvanquished-206936/tools/cbse/templates/Backend.cpp
2026-01-29 09:40:07,587 - Knowledge - INFO - Fast-tracked /app/data/T0002/206936/b0193s4/Unvanquished-206936/tools/cbse/templates/Helper.h (small file (2490 bytes))
2026-01-29 09:40:07,772 - Knowledge - INFO - Async storing batch of 5 embeddings
2026-01-29 09:40:07,786 - Knowledge - INFO - Worker kw18 processing /app/data/T0002/206936/b0193s4/Unvanquished-206936/tools/cbse/templates/Entities.h
2026-01-29 09:40:07,812 - Knowledge - INFO - Async storing batch of 5 embeddings
2026-01-29 09:40:07,856 - Knowledge - INFO - Worker kw10 processing /app/data/T0002/206936/b0193s4/Unvanquished-206936/tools/translation/generate_pot.sh
2026-01-29 09:40:07,949 - Knowledge - INFO - Worker kw18 processing /app/data/T0002/206936/b0193s4/Unvanquished-206936/tools/translation/generate.sh
2026-01-29 09:40:07,976 - Knowledge - INFO - Worker kw10 processing /app/data/T0002/206936/b0193s4/Unvanquished-206936/tools/translation/generate_rml_pot.py
2026-01-29 09:40:07,989 - Knowledge - INFO - Fast-tracked /app/data/T0002/206936/b0193s4/Unvanquished-206936/tools/translation/generate.sh (ext=.sh, size=1482)
2026-01-29 09:40:08,047 - Knowledge - INFO - Worker kw18 processing /app/data/T0002/206936/b0193s4/Unvanquished-206936/tools/translation/ignore_incomplete.sh
2026-01-29 09:40:08,060 - Knowledge - INFO - Worker kw10 processing /app/data/T0002/206936/b0193s4/Unvanquished-206936/tools/translation/README.md
2026-01-29 09:40:08,142 - Knowledge - INFO - Fast-tracked /app/data/T0002/206936/b0193s4/Unvanquished-206936/tools/translation/README.md (ext=.md, size=1228)
2026-01-29 09:40:08,165 - Knowledge - INFO - Worker kw18 processing /app/data/T0002/206936/b0193s4/Unvanquished-206936/tools/translation/update_po.sh
2026-01-29 09:40:08,185 - Knowledge - INFO - Worker kw10 processing /app/data/T0002/206936/b0193s4/Unvanquished-206936/tools/translation/generate_gender_pot.pl
2026-01-29 09:40:08,261 - Knowledge - INFO - Fast-tracked /app/data/T0002/206936/b0193s4/Unvanquished-206936/tools/translation/update_po.sh (ext=.sh, size=1871)
2026-01-29 09:40:08,262 - Knowledge - INFO - Fast-tracked /app/data/T0002/206936/b0193s4/Unvanquished-206936/tools/translation/generate_gender_pot.pl (ext=.pl, size=817)
2026-01-29 09:40:08,544 - Knowledge - INFO - Fast-tracked /app/data/T0002/206936/b0193s4/Unvanquished-206936/tools/translation/generate_pot.sh (small file (2523 bytes))
2026-01-29 09:40:08,653 - Knowledge - INFO - Fast-tracked /app/data/T0002/206936/b0193s4/Unvanquished-206936/tools/translation/ignore_incomplete.sh (small file (2866 bytes))
2026-01-29 09:40:08,674 - Knowledge - INFO - Fast-tracked /app/data/T0002/206936/b0193s4/Unvanquished-206936/tools/translation/generate_rml_pot.py (small file (2893 bytes))
2026-01-29 09:40:08,714 - Knowledge - INFO - Async storage completed for 5 embeddings
2026-01-29 09:40:08,918 - Knowledge - INFO - Async storage completed for 5 embeddings
2026-01-29 09:40:08,937 - Knowledge - INFO - Async storage completed for 5 embeddings
2026-01-29 09:40:08,939 - Knowledge - INFO - [LLM_CALL] Completed: plural_forms.cpp:chunk1, Duration: 46373ms, PromptTokens: 7562, CompletionTokens: 196, Cost: $0.00083
2026-01-29 09:40:09,112 - Knowledge - INFO - done ingest for /app/data/T0002/206936/b0193s4/Unvanquished-206936/libs/tinygettext/src/plural_forms.cpp
2026-01-29 09:40:09,885 - Knowledge - INFO - Processing batch of 4 files
2026-01-29 09:40:09,885 - Knowledge - INFO - process ingested knowledge for /app/data/T0002/206936/b0193s4/Unvanquished-206936/tools/cbse/test.sh
2026-01-29 09:40:11,264 - Knowledge - INFO - [LLM_CALL] Completed: brush.cpp:chunk1, Duration: 92178ms, PromptTokens: 2946, CompletionTokens: 281, Cost: $0.00041
2026-01-29 09:40:11,269 - Knowledge - INFO - done ingest for /app/data/T0002/206936/b0193s4/Unvanquished-206936/src/shared/navgen/brush.cpp
2026-01-29 09:40:11,461 - Knowledge - WARNING - Timeout processing /app/data/T0002/206936/b0193s4/Unvanquished-206936/src/cgame/cg_ents.cpp after 90s - using fallback metadata
2026-01-29 09:40:11,604 - Knowledge - WARNING - Timeout processing /app/data/T0002/206936/b0193s4/Unvanquished-206936/src/cgame/cg_rocket_datasource.cpp after 90s - using fallback metadata
2026-01-29 09:40:11,707 - Knowledge - WARNING - Timeout processing /app/data/T0002/206936/b0193s4/Unvanquished-206936/src/cgame/CombatFeedback.cpp after 90s - using fallback metadata
2026-01-29 09:40:12,212 - Knowledge - INFO - [LLM_CALL] Completed: dictionary_manager.hpp:chunk1, Duration: 42466ms, PromptTokens: 2312, CompletionTokens: 604, Cost: $0.00047
2026-01-29 09:40:12,349 - Knowledge - INFO - done ingest for /app/data/T0002/206936/b0193s4/Unvanquished-206936/libs/tinygettext/include/tinygettext/dictionary_manager.hpp
2026-01-29 09:40:12,582 - Knowledge - INFO - [WEBSOCKET] Sent: Type=progress_update, Size: 291, Duration: 0ms
2026-01-29 09:40:12,627 - Knowledge - INFO - [LLM_CALL] Completed: bg_lua.cpp:chunk1, Duration: 94437ms, PromptTokens: 2524, CompletionTokens: 583, Cost: $0.00049
2026-01-29 09:40:12,627 - Knowledge - INFO - done ingest for /app/data/T0002/206936/b0193s4/Unvanquished-206936/src/shared/bg_lua.cpp
2026-01-29 09:40:12,650 - Knowledge - INFO - process ingested knowledge for /app/data/T0002/206936/b0193s4/Unvanquished-206936/tools/cbse/README.md
2026-01-29 09:40:12,661 - Knowledge - INFO - [WEBSOCKET] Sent: Type=unknown, Size: ?, Duration: 79ms
2026-01-29 09:40:12,775 - Knowledge - INFO - Progress: 80.7% | Files: 265/327 | Rate: 0.63 files/sec | Queue: 8
2026-01-29 09:40:13,353 - Knowledge - INFO - Processing batch of 4 files
2026-01-29 09:40:13,359 - Knowledge - INFO - process ingested knowledge for /app/data/T0002/206936/b0193s4/Unvanquished-206936/src/shared/bg_alloc.cpp
2026-01-29 09:40:14,836 - Knowledge - INFO - process ingested knowledge for /app/data/T0002/206936/b0193s4/Unvanquished-206936/tools/cbse/templates/Component.cpp
2026-01-29 09:40:14,968 - Knowledge - INFO - process ingested knowledge for /app/data/T0002/206936/b0193s4/Unvanquished-206936/src/shared/bg_parse.cpp
2026-01-29 09:40:15,253 - Knowledge - INFO - Processing batch of 5 files
2026-01-29 09:40:15,293 - Knowledge - INFO - process ingested knowledge for /app/data/T0002/206936/b0193s4/Unvanquished-206936/src/cgame/cg_rocket_progressbar.cpp
2026-01-29 09:40:15,306 - Knowledge - INFO - Processing batch of 4 files
2026-01-29 09:40:15,374 - Knowledge - INFO - process ingested knowledge for /app/data/T0002/206936/b0193s4/Unvanquished-206936/libs/fastlz/README.TXT
2026-01-29 09:40:16,172 - Knowledge - INFO - [kw2] Queue=8, InProgress=0, PendingWorkers=20/20, Completed=272/327 (83.2%)
2026-01-29 09:40:16,199 - Knowledge - INFO - process ingested knowledge for /app/data/T0002/206936/b0193s4/Unvanquished-206936/tools/cbse/templates/Components.h
2026-01-29 09:40:16,247 - Knowledge - INFO - Batch sizing: calculated=4, max_allowed=10, queue=8, active_workers=20/20
2026-01-29 09:40:16,295 - Knowledge - INFO - process ingested knowledge for /app/data/T0002/206936/b0193s4/Unvanquished-206936/src/shared/parse.cpp
2026-01-29 09:40:16,457 - Knowledge - INFO - process ingested knowledge for /app/data/T0002/206936/b0193s4/Unvanquished-206936/libs/fastlz/fastlz.h
2026-01-29 09:40:16,515 - Knowledge - INFO - [WEBSOCKET] Sent: Type=progress_update, Size: 293, Duration: 0ms
2026-01-29 09:40:16,537 - Knowledge - INFO - process ingested knowledge for /app/data/T0002/206936/b0193s4/Unvanquished-206936/src/cgame/cg_weapons.cpp
2026-01-29 09:40:17,004 - Knowledge - INFO - [LLM_CALL] Completed: cg_predict.cpp:chunk1, Duration: 170007ms, PromptTokens: 14644, CompletionTokens: 821, Cost: $0.00179
2026-01-29 09:40:17,056 - Knowledge - INFO - done ingest for /app/data/T0002/206936/b0193s4/Unvanquished-206936/src/cgame/cg_predict.cpp
2026-01-29 09:40:17,183 - Knowledge - INFO - [WEBSOCKET] Sent: Type=unknown, Size: ?, Duration: 668ms
2026-01-29 09:40:17,320 - Knowledge - INFO - Progress: 84.1% | Files: 275/327 | Rate: 0.65 files/sec | Queue: 8
2026-01-29 09:40:17,720 - Knowledge - INFO - process ingested knowledge for /app/data/T0002/206936/b0193s4/Unvanquished-206936/src/shared/lua/Buildables.cpp
2026-01-29 09:40:17,814 - Knowledge - INFO - Async storing batch of 4 embeddings
2026-01-29 09:40:17,953 - Knowledge - INFO - Worker kw2 processing /app/data/T0002/206936/b0193s4/Unvanquished-206936/lua.cmake
2026-01-29 09:40:18,039 - Knowledge - INFO - [LLM_CALL] Completed: Entities.h:chunk1, Duration: 9580ms, PromptTokens: 2322, CompletionTokens: 238, Cost: $0.00033
2026-01-29 09:40:18,039 - Knowledge - INFO - done ingest for /app/data/T0002/206936/b0193s4/Unvanquished-206936/tools/cbse/templates/Entities.h
2026-01-29 09:40:18,039 - Knowledge - INFO - Fast-tracked /app/data/T0002/206936/b0193s4/Unvanquished-206936/lua.cmake (ext=.cmake, size=1999)
2026-01-29 09:40:18,296 - Knowledge - INFO - Worker kw2 processing /app/data/T0002/206936/b0193s4/Unvanquished-206936/GPL.txt
2026-01-29 09:40:18,470 - Knowledge - INFO - Fast-tracked /app/data/T0002/206936/b0193s4/Unvanquished-206936/GPL.txt (ext=.txt, size=35839)
2026-01-29 09:40:18,504 - Knowledge - INFO - process ingested knowledge for /app/data/T0002/206936/b0193s4/Unvanquished-206936/libs/fastlz/fastlz.c
2026-01-29 09:40:18,522 - Knowledge - INFO - process ingested knowledge for /app/data/T0002/206936/b0193s4/Unvanquished-206936/src/cgame/cg_main.cpp
2026-01-29 09:40:18,562 - Knowledge - INFO - Worker kw2 processing /app/data/T0002/206936/b0193s4/Unvanquished-206936/README.md
2026-01-29 09:40:18,636 - Knowledge - INFO - [kw3] Queue=4, InProgress=0, PendingWorkers=20/20, Completed=277/327 (84.7%)
2026-01-29 09:40:18,672 - Knowledge - INFO - Processing batch of 4 files
2026-01-29 09:40:18,707 - Knowledge - INFO - [kw15] Queue=4, InProgress=0, PendingWorkers=20/20, Completed=278/327 (85.0%)
2026-01-29 09:40:18,845 - Knowledge - INFO - Fast-tracked /app/data/T0002/206936/b0193s4/Unvanquished-206936/README.md (ext=.md, size=9855)
2026-01-29 09:40:18,863 - Knowledge - INFO - Batch sizing: calculated=4, max_allowed=10, queue=4, active_workers=20/20
2026-01-29 09:40:18,893 - Knowledge - INFO - process ingested knowledge for /app/data/T0002/206936/b0193s4/Unvanquished-206936/libs/tinygettext/src/iconv.cpp
2026-01-29 09:40:18,909 - Knowledge - INFO - process ingested knowledge for /app/data/T0002/206936/b0193s4/Unvanquished-206936/tools/translation/generate_pot.sh
2026-01-29 09:40:19,001 - Knowledge - INFO - process ingested knowledge for /app/data/T0002/206936/b0193s4/Unvanquished-206936/src/cgame/cg_rocket_draw.cpp
2026-01-29 09:40:19,017 - Knowledge - INFO - Batch sizing: calculated=4, max_allowed=10, queue=4, active_workers=20/20
2026-01-29 09:40:19,091 - Knowledge - INFO - Processing batch of 4 files
2026-01-29 09:40:19,094 - Knowledge - INFO - Worker kw2 processing /app/data/T0002/206936/b0193s4/Unvanquished-206936/azure-pipelines.yml
2026-01-29 09:40:19,259 - Knowledge - INFO - [LLM_CALL] Completed: bg_utilities.cpp:chunk1, Duration: 102158ms, PromptTokens: 6396, CompletionTokens: 825, Cost: $0.00097
2026-01-29 09:40:19,558 - Knowledge - INFO - process ingested knowledge for /app/data/T0002/206936/b0193s4/Unvanquished-206936/libs/tinygettext/src/dictionary.cpp
2026-01-29 09:40:19,642 - Knowledge - INFO - done ingest for /app/data/T0002/206936/b0193s4/Unvanquished-206936/src/shared/bg_utilities.cpp
2026-01-29 09:40:19,662 - Knowledge - INFO - Fast-tracked /app/data/T0002/206936/b0193s4/Unvanquished-206936/azure-pipelines.yml (ext=.yml, size=3828)
2026-01-29 09:40:19,874 - Knowledge - INFO - Async storage completed for 4 embeddings
2026-01-29 09:40:20,599 - Knowledge - INFO - [LLM_CALL] Completed: dictionary_manager.cpp:chunk1, Duration: 60708ms, PromptTokens: 3854, CompletionTokens: 702, Cost: $0.00067
2026-01-29 09:40:20,681 - Knowledge - INFO - process ingested knowledge for /app/data/T0002/206936/b0193s4/Unvanquished-206936/tools/translation/generate_rml_pot.py
2026-01-29 09:40:20,696 - Knowledge - INFO - done ingest for /app/data/T0002/206936/b0193s4/Unvanquished-206936/libs/tinygettext/src/dictionary_manager.cpp
2026-01-29 09:40:20,707 - Knowledge - INFO - process ingested knowledge for /app/data/T0002/206936/b0193s4/Unvanquished-206936/libs/tinygettext/src/plural_forms.cpp
2026-01-29 09:40:20,790 - Knowledge - INFO - process ingested knowledge for /app/data/T0002/206936/b0193s4/Unvanquished-206936/src/cgame/cg_segmented_skeleton.h
2026-01-29 09:40:21,037 - Knowledge - INFO - Async storing batch of 4 embeddings
2026-01-29 09:40:21,055 - Knowledge - INFO - [WEBSOCKET] Sent: Type=progress_update, Size: 292, Duration: 0ms
2026-01-29 09:40:21,063 - Knowledge - INFO - Worker kw3 processing /app/data/T0002/206936/b0193s4/Unvanquished-206936/update-version-number.py
2026-01-29 09:40:21,171 - Knowledge - INFO - [WEBSOCKET] Sent: Type=unknown, Size: ?, Duration: 116ms
2026-01-29 09:40:21,212 - Knowledge - INFO - Progress: 86.9% | Files: 284/327 | Rate: 0.66 files/sec | Queue: 0
2026-01-29 09:40:21,359 - Knowledge - INFO - Worker kw3 processing /app/data/T0002/206936/b0193s4/Unvanquished-206936/macosx/unvanquished.sh
2026-01-29 09:40:21,397 - Knowledge - INFO - Processing batch of 4 files
2026-01-29 09:40:21,570 - Knowledge - INFO - Fast-tracked /app/data/T0002/206936/b0193s4/Unvanquished-206936/macosx/unvanquished.sh (ext=.sh, size=233)
2026-01-29 09:40:21,741 - Knowledge - INFO - process ingested knowledge for /app/data/T0002/206936/b0193s4/Unvanquished-206936/libs/tinygettext/include/tinygettext/plural_forms.hpp
2026-01-29 09:40:21,836 - Knowledge - INFO - Worker kw3 processing /app/data/T0002/206936/b0193s4/Unvanquished-206936/COPYING.txt
2026-01-29 09:40:22,098 - Knowledge - INFO - Fast-tracked /app/data/T0002/206936/b0193s4/Unvanquished-206936/COPYING.txt (ext=.txt, size=1791)
2026-01-29 09:40:22,119 - Knowledge - INFO - Worker kw3 processing /app/data/T0002/206936/b0193s4/Unvanquished-206936/src.cmake
2026-01-29 09:40:22,262 - Knowledge - INFO - [LLM_CALL] Completed: CBSE.py:chunk1, Duration: 31121ms, PromptTokens: 10106, CompletionTokens: 753, Cost: $0.00131
2026-01-29 09:40:22,291 - Knowledge - INFO - done ingest for /app/data/T0002/206936/b0193s4/Unvanquished-206936/tools/cbse/CBSE.py
2026-01-29 09:40:22,336 - Knowledge - INFO - Fast-tracked /app/data/T0002/206936/b0193s4/Unvanquished-206936/update-version-number.py (small file (2754 bytes))
2026-01-29 09:40:22,746 - Knowledge - INFO - Async storage completed for 4 embeddings
2026-01-29 09:40:22,937 - Knowledge - INFO - process ingested knowledge for /app/data/T0002/206936/b0193s4/Unvanquished-206936/libs/tinygettext/include/tinygettext/log.hpp
2026-01-29 09:40:23,678 - Knowledge - INFO - process ingested knowledge for /app/data/T0002/206936/b0193s4/Unvanquished-206936/libs/tinygettext/include/tinygettext/file_system.hpp
2026-01-29 09:40:23,801 - Knowledge - INFO - Processing batch of 4 files
2026-01-29 09:40:23,936 - Knowledge - INFO - process ingested knowledge for /app/data/T0002/206936/b0193s4/Unvanquished-206936/lua.cmake
2026-01-29 09:40:24,158 - Knowledge - INFO - [LLM_CALL] Completed: language.cpp:chunk1, Duration: 63662ms, PromptTokens: 14946, CompletionTokens: 395, Cost: $0.00165
2026-01-29 09:40:24,197 - Knowledge - INFO - done ingest for /app/data/T0002/206936/b0193s4/Unvanquished-206936/libs/tinygettext/src/language.cpp
2026-01-29 09:40:24,222 - Knowledge - INFO - [LLM_CALL] Completed: bg_gameplay.cpp:chunk1, Duration: 117410ms, PromptTokens: 6180, CompletionTokens: 1333, Cost: $0.00115
2026-01-29 09:40:24,871 - Knowledge - INFO - done ingest for /app/data/T0002/206936/b0193s4/Unvanquished-206936/src/shared/bg_gameplay.cpp
2026-01-29 09:40:25,000 - Knowledge - INFO - [LLM_CALL] Completed: navgen.h:chunk1, Duration: 105123ms, PromptTokens: 3782, CompletionTokens: 955, Cost: $0.00076
2026-01-29 09:40:25,092 - Knowledge - INFO - done ingest for /app/data/T0002/206936/b0193s4/Unvanquished-206936/src/shared/navgen/navgen.h
2026-01-29 09:40:25,630 - Knowledge - INFO - Processing batch of 5 files
2026-01-29 09:40:25,636 - Knowledge - INFO - process ingested knowledge for /app/data/T0002/206936/b0193s4/Unvanquished-206936/src/cgame/cg_ents.cpp
2026-01-29 09:40:26,171 - Knowledge - INFO - [LLM_CALL] Completed: src.cmake:chunk1, Duration: 3702ms, PromptTokens: 10776, CompletionTokens: 59, Cost: $0.00110
2026-01-29 09:40:26,183 - Knowledge - INFO - done ingest for /app/data/T0002/206936/b0193s4/Unvanquished-206936/src.cmake
2026-01-29 09:40:26,349 - Knowledge - INFO - process ingested knowledge for /app/data/T0002/206936/b0193s4/Unvanquished-206936/tools/translation/README.md
2026-01-29 09:40:26,349 - Knowledge - INFO - process ingested knowledge for /app/data/T0002/206936/b0193s4/Unvanquished-206936/libs/tinygettext/include/tinygettext/dictionary.hpp
2026-01-29 09:40:26,388 - Knowledge - INFO - process ingested knowledge for /app/data/T0002/206936/b0193s4/Unvanquished-206936/libs/tinygettext/include/tinygettext/language.hpp
2026-01-29 09:40:27,236 - Knowledge - INFO - [WEBSOCKET] Sent: Type=progress_update, Size: 293, Duration: 0ms
2026-01-29 09:40:27,258 - Knowledge - INFO - process ingested knowledge for /app/data/T0002/206936/b0193s4/Unvanquished-206936/src/cgame/cg_api.cpp
2026-01-29 09:40:27,259 - Knowledge - INFO - [WEBSOCKET] Sent: Type=unknown, Size: ?, Duration: 23ms
2026-01-29 09:40:27,411 - Knowledge - INFO - Progress: 89.9% | Files: 296/327 | Rate: 0.68 files/sec | Queue: 0
2026-01-29 09:40:27,481 - Knowledge - INFO - Processing batch of 4 files
2026-01-29 09:40:27,509 - Knowledge - INFO - process ingested knowledge for /app/data/T0002/206936/b0193s4/Unvanquished-206936/tools/cbse/templates/Entities.h
2026-01-29 09:40:28,017 - Knowledge - INFO - process ingested knowledge for /app/data/T0002/206936/b0193s4/Unvanquished-206936/tools/translation/generate_gender_pot.pl
2026-01-29 09:40:28,302 - Knowledge - INFO - [LLM_CALL] Completed: bg_gameplay.h:chunk1, Duration: 123550ms, PromptTokens: 7468, CompletionTokens: 2227, Cost: $0.00164
2026-01-29 09:40:28,359 - Knowledge - INFO - done ingest for /app/data/T0002/206936/b0193s4/Unvanquished-206936/src/shared/bg_gameplay.h
2026-01-29 09:40:28,937 - Knowledge - INFO - process ingested knowledge for /app/data/T0002/206936/b0193s4/Unvanquished-206936/libs/tinygettext/include/tinygettext/dictionary_manager.hpp
2026-01-29 09:40:28,990 - Knowledge - INFO - process ingested knowledge for /app/data/T0002/206936/b0193s4/Unvanquished-206936/GPL.txt
2026-01-29 09:40:29,088 - Knowledge - INFO - process ingested knowledge for /app/data/T0002/206936/b0193s4/Unvanquished-206936/tools/translation/generate.sh
2026-01-29 09:40:29,894 - Knowledge - INFO - process ingested knowledge for /app/data/T0002/206936/b0193s4/Unvanquished-206936/src/cgame/Filter.h
2026-01-29 09:40:29,998 - Knowledge - INFO - [LLM_CALL] Completed: Component.h:chunk1, Duration: 21791ms, PromptTokens: 2446, CompletionTokens: 291, Cost: $0.00036
2026-01-29 09:40:30,037 - Knowledge - INFO - done ingest for /app/data/T0002/206936/b0193s4/Unvanquished-206936/tools/cbse/templates/Component.h
2026-01-29 09:40:31,003 - Knowledge - INFO - Processing batch of 5 files
2026-01-29 09:40:31,004 - Knowledge - INFO - process ingested knowledge for /app/data/T0002/206936/b0193s4/Unvanquished-206936/src/cgame/cg_trails.cpp
2026-01-29 09:40:31,107 - Knowledge - INFO - [LLM_CALL] Completed: bg_voice.cpp:chunk1, Duration: 109801ms, PromptTokens: 10168, CompletionTokens: 916, Cost: $0.00138
2026-01-29 09:40:31,137 - Knowledge - INFO - done ingest for /app/data/T0002/206936/b0193s4/Unvanquished-206936/src/shared/bg_voice.cpp
2026-01-29 09:40:31,267 - Knowledge - INFO - process ingested knowledge for /app/data/T0002/206936/b0193s4/Unvanquished-206936/README.md
2026-01-29 09:40:31,904 - Knowledge - INFO - Processing batch of 4 files
2026-01-29 09:40:31,904 - Knowledge - INFO - process ingested knowledge for /app/data/T0002/206936/b0193s4/Unvanquished-206936/update-version-number.py
2026-01-29 09:40:31,917 - Knowledge - INFO - Processing batch of 4 files
2026-01-29 09:40:31,947 - Knowledge - INFO - process ingested knowledge for /app/data/T0002/206936/b0193s4/Unvanquished-206936/tools/cbse/def.yaml
2026-01-29 09:40:31,948 - Knowledge - INFO - process ingested knowledge for /app/data/T0002/206936/b0193s4/Unvanquished-206936/src/cgame/cg_animdelta.cpp
2026-01-29 09:40:31,998 - Knowledge - INFO - [WEBSOCKET] Sent: Type=progress_update, Size: 272, Duration: 0ms
2026-01-29 09:40:31,999 - Knowledge - INFO - [WEBSOCKET] Sent: Type=unknown, Size: ?, Duration: 1ms
2026-01-29 09:40:32,004 - Knowledge - INFO - Progress: 93.9% | Files: 307/327 | Rate: 0.70 files/sec | Queue: 0
2026-01-29 09:40:32,612 - Knowledge - INFO - process ingested knowledge for /app/data/T0002/206936/b0193s4/Unvanquished-206936/src/cgame/cg_rocket_datasource.cpp
2026-01-29 09:40:32,685 - Knowledge - INFO - process ingested knowledge for /app/data/T0002/206936/b0193s4/Unvanquished-206936/azure-pipelines.yml
2026-01-29 09:40:32,693 - Knowledge - INFO - process ingested knowledge for /app/data/T0002/206936/b0193s4/Unvanquished-206936/tools/translation/ignore_incomplete.sh
2026-01-29 09:40:32,775 - Knowledge - INFO - process ingested knowledge for /app/data/T0002/206936/b0193s4/Unvanquished-206936/tools/cbse/CBSE.py
2026-01-29 09:40:32,793 - Knowledge - INFO - process ingested knowledge for /app/data/T0002/206936/b0193s4/Unvanquished-206936/src/cgame/cg_drawtools.cpp
2026-01-29 09:40:33,066 - Knowledge - INFO - Processing batch of 4 files
2026-01-29 09:40:33,091 - Knowledge - INFO - process ingested knowledge for /app/data/T0002/206936/b0193s4/Unvanquished-206936/libs/tinygettext/src/po_parser.cpp
2026-01-29 09:40:33,370 - Knowledge - INFO - process ingested knowledge for /app/data/T0002/206936/b0193s4/Unvanquished-206936/src/cgame/CombatFeedback.cpp
2026-01-29 09:40:33,855 - Knowledge - INFO - [LLM_CALL] Completed: Backend.h:chunk1, Duration: 25998ms, PromptTokens: 5452, CompletionTokens: 403, Cost: $0.00071
2026-01-29 09:40:33,864 - Knowledge - INFO - done ingest for /app/data/T0002/206936/b0193s4/Unvanquished-206936/tools/cbse/templates/Backend.h
2026-01-29 09:40:34,288 - Knowledge - INFO - process ingested knowledge for /app/data/T0002/206936/b0193s4/Unvanquished-206936/tools/translation/update_po.sh
2026-01-29 09:40:34,303 - Knowledge - INFO - process ingested knowledge for /app/data/T0002/206936/b0193s4/Unvanquished-206936/tools/cbse/CBSE.cmake
2026-01-29 09:40:37,096 - Knowledge - INFO - process ingested knowledge for /app/data/T0002/206936/b0193s4/Unvanquished-206936/macosx/unvanquished.sh
2026-01-29 09:40:37,507 - Knowledge - INFO - [LLM_CALL] Completed: Backend.cpp:chunk1, Duration: 28821ms, PromptTokens: 4442, CompletionTokens: 382, Cost: $0.00060
2026-01-29 09:40:37,512 - Knowledge - INFO - done ingest for /app/data/T0002/206936/b0193s4/Unvanquished-206936/tools/cbse/templates/Backend.cpp
2026-01-29 09:40:38,422 - Knowledge - INFO - process ingested knowledge for /app/data/T0002/206936/b0193s4/Unvanquished-206936/tools/cbse/requirements.txt
2026-01-29 09:40:38,685 - Knowledge - INFO - Processing batch of 4 files
2026-01-29 09:40:38,699 - Knowledge - INFO - process ingested knowledge for /app/data/T0002/206936/b0193s4/Unvanquished-206936/src/shared/lua/LuaLib.h
2026-01-29 09:40:38,873 - Knowledge - WARNING - Timeout processing /app/data/T0002/206936/b0193s4/Unvanquished-206936/src/shared/bg_public.h after 90s - using fallback metadata
2026-01-29 09:40:38,874 - Knowledge - INFO - process ingested knowledge for /app/data/T0002/206936/b0193s4/Unvanquished-206936/src/cgame/cg_minimap.cpp
2026-01-29 09:40:38,881 - Knowledge - INFO - process ingested knowledge for /app/data/T0002/206936/b0193s4/Unvanquished-206936/libs/tinygettext/src/dictionary_manager.cpp
2026-01-29 09:40:39,230 - Knowledge - INFO - process ingested knowledge for /app/data/T0002/206936/b0193s4/Unvanquished-206936/COPYING.txt
2026-01-29 09:40:39,419 - Knowledge - WARNING - Timeout processing /app/data/T0002/206936/b0193s4/Unvanquished-206936/src/shared/bg_misc.cpp after 90s - using fallback metadata
2026-01-29 09:40:39,820 - Knowledge - INFO - process ingested knowledge for /app/data/T0002/206936/b0193s4/Unvanquished-206936/src/shared/lua/Classes.cpp
2026-01-29 09:40:40,137 - Knowledge - INFO - process ingested knowledge for /app/data/T0002/206936/b0193s4/Unvanquished-206936/src/cgame/cg_predict.cpp
2026-01-29 09:40:40,161 - Knowledge - INFO - process ingested knowledge for /app/data/T0002/206936/b0193s4/Unvanquished-206936/libs/tinygettext/src/language.cpp
2026-01-29 09:40:42,449 - Knowledge - INFO - process ingested knowledge for /app/data/T0002/206936/b0193s4/Unvanquished-206936/src/shared/Clustering.h
2026-01-29 09:40:43,139 - Knowledge - INFO - [WEBSOCKET] Sent: Type=progress_update, Size: 273, Duration: 0ms
2026-01-29 09:40:43,147 - Knowledge - INFO - [WEBSOCKET] Sent: Type=unknown, Size: ?, Duration: 8ms
2026-01-29 09:40:43,165 - Knowledge - INFO - Progress: 96.6% | Files: 316/327 | Rate: 0.70 files/sec | Queue: 0
2026-01-29 09:40:43,381 - Knowledge - WARNING - Timeout processing /app/data/T0002/206936/b0193s4/Unvanquished-206936/src/shared/navgen/nav.cpp after 90s - using fallback metadata
2026-01-29 09:40:43,396 - Knowledge - INFO - process ingested knowledge for /app/data/T0002/206936/b0193s4/Unvanquished-206936/src.cmake
2026-01-29 09:40:43,552 - Knowledge - INFO - process ingested knowledge for /app/data/T0002/206936/b0193s4/Unvanquished-206936/src/shared/bg_gameplay.h
2026-01-29 09:40:43,617 - Knowledge - INFO - process ingested knowledge for /app/data/T0002/206936/b0193s4/Unvanquished-206936/libs/tinygettext/src/log.cpp
2026-01-29 09:40:43,804 - Knowledge - INFO - Processing batch of 4 files
2026-01-29 09:40:43,805 - Knowledge - INFO - process ingested knowledge for /app/data/T0002/206936/b0193s4/Unvanquished-206936/src/shared/parse.h
2026-01-29 09:40:43,806 - Knowledge - INFO - Processing batch of 4 files
2026-01-29 09:40:43,807 - Knowledge - INFO - process ingested knowledge for /app/data/T0002/206936/b0193s4/Unvanquished-206936/src/shared/bg_teamprogress.cpp
2026-01-29 09:40:43,954 - Knowledge - INFO - process ingested knowledge for /app/data/T0002/206936/b0193s4/Unvanquished-206936/src/shared/bg_utilities.cpp
2026-01-29 09:40:43,957 - Knowledge - INFO - Processing batch of 4 files
2026-01-29 09:40:43,958 - Knowledge - INFO - process ingested knowledge for /app/data/T0002/206936/b0193s4/Unvanquished-206936/tools/cbse/templates/Helper.h
2026-01-29 09:40:44,093 - Knowledge - INFO - process ingested knowledge for /app/data/T0002/206936/b0193s4/Unvanquished-206936/src/shared/bg_public.h
2026-01-29 09:40:44,114 - Knowledge - INFO - Processing batch of 4 files
2026-01-29 09:40:44,114 - Knowledge - INFO - process ingested knowledge for /app/data/T0002/206936/b0193s4/Unvanquished-206936/src/shared/navgen/nav.cpp
2026-01-29 09:40:44,275 - Knowledge - INFO - process ingested knowledge for /app/data/T0002/206936/b0193s4/Unvanquished-206936/src/shared/bg_gameplay.cpp
2026-01-29 09:40:44,553 - Knowledge - INFO - process ingested knowledge for /app/data/T0002/206936/b0193s4/Unvanquished-206936/src/shared/bg_lua.cpp
2026-01-29 09:40:44,555 - Knowledge - INFO - process ingested knowledge for /app/data/T0002/206936/b0193s4/Unvanquished-206936/src/shared/navgen/brush.cpp
2026-01-29 09:40:44,715 - Knowledge - INFO - process ingested knowledge for /app/data/T0002/206936/b0193s4/Unvanquished-206936/tools/cbse/templates/Backend.h
2026-01-29 09:40:44,717 - Knowledge - INFO - process ingested knowledge for /app/data/T0002/206936/b0193s4/Unvanquished-206936/src/shared/navgen/navgen.h
2026-01-29 09:40:44,788 - Knowledge - INFO - [WEBSOCKET] Sent: Type=progress_update, Size: 274, Duration: 0ms
2026-01-29 09:40:44,789 - Knowledge - INFO - [WEBSOCKET] Sent: Type=unknown, Size: ?, Duration: 2ms
2026-01-29 09:40:44,790 - Knowledge - INFO - Progress: 100.0% | Files: 327/327 | Rate: 0.72 files/sec | Queue: 0
2026-01-29 09:40:44,875 - Knowledge - INFO - process ingested knowledge for /app/data/T0002/206936/b0193s4/Unvanquished-206936/src/shared/bg_voice.cpp
2026-01-29 09:40:44,879 - Knowledge - INFO - process ingested knowledge for /app/data/T0002/206936/b0193s4/Unvanquished-206936/src/shared/bot_nav_shared.h
2026-01-29 09:40:45,025 - Knowledge - INFO - process ingested knowledge for /app/data/T0002/206936/b0193s4/Unvanquished-206936/tools/cbse/templates/Component.h
2026-01-29 09:40:45,029 - Knowledge - INFO - process ingested knowledge for /app/data/T0002/206936/b0193s4/Unvanquished-206936/src/shared/bg_misc.cpp
2026-01-29 09:40:45,033 - Knowledge - INFO - process ingested knowledge for /app/data/T0002/206936/b0193s4/Unvanquished-206936/tools/cbse/templates/Backend.cpp
2026-01-29 09:40:46,250 - Knowledge - INFO - Knowledge creation complete
2026-01-29 09:40:46,252 - Knowledge - INFO - ==================================================
2026-01-29 09:40:46,253 - Knowledge - INFO - KNOWLEDGE GRAPH GENERATION PERFORMANCE SUMMARY
2026-01-29 09:40:46,254 - Knowledge - INFO - ==================================================
2026-01-29 09:40:46,254 - Knowledge - INFO - Total processing time: 454.87 seconds (7.58 minutes)
2026-01-29 09:40:46,255 - Knowledge - INFO - Files processed: 0
2026-01-29 09:40:46,255 - Knowledge - INFO - Processing rate: 0.00 files/second
2026-01-29 09:40:46,255 - Knowledge - INFO - 
[TIME_BREAKDOWN]
2026-01-29 09:40:46,256 - Knowledge - INFO - File Reading: 0.00s (0.0%)
2026-01-29 09:40:46,256 - Knowledge - INFO - LLM Processing: 14454.24s (3177.7%)
2026-01-29 09:40:46,256 - Knowledge - INFO - MongoDB Operations: 0.00s (0.0%)
2026-01-29 09:40:46,257 - Knowledge - INFO - Redis Operations: 0.00s (0.0%)
2026-01-29 09:40:46,257 - Knowledge - INFO - WebSocket Communication: 5.76s (1.3%)
2026-01-29 09:40:46,257 - Knowledge - INFO - 
[LLM_STATS]
2026-01-29 09:40:46,258 - Knowledge - INFO - Total LLM calls: 151
2026-01-29 09:40:46,258 - Knowledge - INFO - Average LLM response time: 95723ms
2026-01-29 09:40:46,258 - Knowledge - INFO - Average prompt tokens: 7193.4
2026-01-29 09:40:46,259 - Knowledge - INFO - Average completion tokens: 726.3
2026-01-29 09:40:46,259 - Knowledge - INFO - Total prompt tokens: 1086200
2026-01-29 09:40:46,259 - Knowledge - INFO - Total completion tokens: 109671
2026-01-29 09:40:46,260 - Knowledge - INFO - Total LLM cost: $0.1525
2026-01-29 09:40:46,260 - Knowledge - INFO - 
[DATABASE_STATS]
2026-01-29 09:40:46,260 - Knowledge - INFO - MongoDB operations: 0
2026-01-29 09:40:46,261 - Knowledge - INFO - Redis operations: 0
2026-01-29 09:40:46,261 - Knowledge - INFO - 
[COMMUNICATION_STATS]
2026-01-29 09:40:46,261 - Knowledge - INFO - WebSocket messages sent: 59
2026-01-29 09:40:46,262 - Knowledge - INFO - Average message size: 144.8 bytes
2026-01-29 09:40:46,262 - Knowledge - INFO - 
[WORKER_STATS]
2026-01-29 09:40:46,262 - Knowledge - INFO - 
[FILE_TYPE_STATS]
2026-01-29 09:40:46,263 - Knowledge - INFO - 
[SLOWEST_FILES]
2026-01-29 09:40:46,263 - Knowledge - INFO - ==================================================
2026-01-29 09:40:46,263 - Knowledge - INFO - ==================================================
2026-01-29 09:40:46,263 - Knowledge - INFO - KNOWLEDGE GRAPH GENERATION PERFORMANCE SUMMARY
2026-01-29 09:40:46,264 - Knowledge - INFO - ==================================================
2026-01-29 09:40:46,264 - Knowledge - INFO - Total processing time: 454.93 seconds (7.58 minutes)
2026-01-29 09:40:46,264 - Knowledge - INFO - Files processed: 327 of 327
2026-01-29 09:40:46,265 - Knowledge - INFO - Processing rate: 0.72 files/second
2026-01-29 09:40:46,265 - Knowledge - INFO - WebSocket messages sent: 29
2026-01-29 09:40:46,265 - Knowledge - INFO - MongoDB operations: 327
2026-01-29 09:40:46,266 - Knowledge - INFO - Average MongoDB ops per file: 1.00
2026-01-29 09:40:46,266 - Knowledge - INFO - LLM costs: $0.1525
2026-01-29 09:40:46,266 - Knowledge - INFO - Prompt tokens: 1086200
2026-01-29 09:40:46,266 - Knowledge - INFO - Completion tokens: 109671
2026-01-29 09:40:46,267 - Knowledge - INFO - Updating org costs, total cost: 0.15248839999999989
2026-01-29 09:40:47,736 - Knowledge - INFO - [WEBSOCKET] Sent: Type=progress_update, Size: 269, Duration: 0ms
2026-01-29 09:40:47,739 - Knowledge - INFO - Saving knowledge to Redis...
2026-01-29 09:40:47,869 - Knowledge - INFO - Knowledge saved to Redis successfully
